{"type": "FeatureCollection", "name": "ecoles_meq_montreal_enrichi", "metadata": {"sources": {"ecoles_publiques": "https://www.donneesquebec.ca/recherche/dataset/2d3b5cf8-b347-49c7-ad3b-bd6a9c15e443/resource/c6640a54-bc4b-43ec-864e-6c325dce61bc/download/pps_public_ecole.csv", "defavorisation_primaire": "https://www.donneesquebec.ca/recherche/dataset/004de02c-19f1-4da0-9af8-33f893e41972/resource/6c5d4a5d-ba3b-40a6-b570-916f43ab622c/download/defav_ecole_prim_public.csv", "defavorisation_secondaire": "https://www.donneesquebec.ca/recherche/dataset/004de02c-19f1-4da0-9af8-33f893e41972/resource/3e9aa43a-c32b-4779-b258-8407db716813/download/defav_ecole_sec_public.csv"}, "annee_scolaire": "2025-2026", "scope": "Montreal", "stats": {"pps_total": 5466, "pps_municipality": 607, "pps_primary_or_secondary": 473, "matched_defav": 431, "kept": 431, "missing_coords": 0}}, "features": [{"type": "Feature", "properties": {"nom": "Saint-Octave", "rang": 331, "adresse": "11171, rue Notre-Dame Est, Montréal-Est, H1B2V7", "source": "MEQ", "annee_scolaire": "2025-2026", "code_organisme": "761001", "nom_organisme": "École Saint-Octave", "code_css_cs": "761000", "nom_css_cs": "Centre de services scolaire de la Pointe-de-l'Île (761000)", "municipalite": "Montréal-Est", "ordre_enseignement": "Préscolaire - Primaire", "type_cs": "Franco", "imse": 17.1481257643312, "rang_decile_imse": 10, "sfr": 14.8352477070064, "rang_decile_sfr": 10, "nombre_eleves": 314}, "geometry": {"type": "Point", "coordinates": [-73.499493, 45.629029]}}, {"type": "Feature", "properties": {"nom": "Sainte-Germaine-Cousin", "rang": 164, "adresse": "1880, 48e Avenue, Montréal, H1A2Y6", "source": "MEQ", "annee_scolaire": "2025-2026", "code_organisme": "761002", "nom_organisme": "École Sainte-Germaine-Cousin", "code_css_cs": "761000", "nom_css_cs": "Centre de services scolaire de la Pointe-de-l'Île (761000)", "municipalite": "Montréal", "ordre_enseignement": "Préscolaire - Primaire", "type_cs": "Franco", "imse": 9.1621436986301, "rang_decile_imse": 8, "sfr": 13.4654688493151, "rang_decile_sfr": 9, "nombre_eleves": 365}, "geometry": {"type": "Point", "coordinates": [-73.501648, 45.667621]}}, {"type": "Feature", "properties": {"nom": "Félix-Leclerc", "rang": 30, "adresse": "1750, boul. du Tricentenaire, Montréal, H1B3B1", "source": "MEQ", "annee_scolaire": "2025-2026", "code_organisme": "761003", "nom_organisme": "École Félix-Leclerc", "code_css_cs": "761000", "nom_css_cs": "Centre de services scolaire de la Pointe-de-l'Île (761000)", "municipalite": "Montréal", "ordre_enseignement": "Préscolaire - Primaire", "type_cs": "Franco", "imse": 5.23123325136612, "rang_decile_imse": 4, "sfr": 7.2594343169399, "rang_decile_sfr": 8, "nombre_eleves": 366}, "geometry": {"type": "Point", "coordinates": [-73.504857, 45.651295]}}, {"type": "Feature", "properties": {"nom": "François-La-Bernarde", "rang": 173, "adresse": "950, rue Pierre Lacroix, Montréal, H1B3C8", "source": "MEQ", "annee_scolaire": "2025-2026", "code_organisme": "761004", "nom_organisme": "École François-La-Bernarde", "code_css_cs": "761000", "nom_css_cs": "Centre de services scolaire de la Pointe-de-l'Île (761000)", "municipalite": "Montréal", "ordre_enseignement": "Préscolaire - Primaire", "type_cs": "Franco", "imse": 9.49118189265541, "rang_decile_imse": 8, "sfr": 11.5100352542373, "rang_decile_sfr": 9, "nombre_eleves": 354}, "geometry": {"type": "Point", "coordinates": [-73.495348, 45.646732]}}, {"type": "Feature", "properties": {"nom": "Sainte-Marguerite-Bourgeoys", "rang": 289, "adresse": "11625, rue Lagauchetière, Montréal, H1B2H8", "source": "MEQ", "annee_scolaire": "2025-2026", "code_organisme": "761006", "nom_organisme": "École Sainte-Marguerite-Bourgeoys", "code_css_cs": "761000", "nom_css_cs": "Centre de services scolaire de la Pointe-de-l'Île (761000)", "municipalite": "Montréal", "ordre_enseignement": "Préscolaire - Primaire", "type_cs": "Franco", "imse": 12.9194475223881, "rang_decile_imse": 10, "sfr": 13.8637485671642, "rang_decile_sfr": 9, "nombre_eleves": 335}, "geometry": {"type": "Point", "coordinates": [-73.500573, 45.635932]}}, {"type": "Feature", "properties": {"nom": "Montmartre", "rang": 227, "adresse": "1855, 59e Avenue, Montréal, H1A2P2", "source": "MEQ", "annee_scolaire": "2025-2026", "code_organisme": "761008", "nom_organisme": "École Montmartre", "code_css_cs": "761000", "nom_css_cs": "Centre de services scolaire de la Pointe-de-l'Île (761000)", "municipalite": "Montréal", "ordre_enseignement": "Préscolaire - Primaire", "type_cs": "Franco", "imse": 10.858502, "rang_decile_imse": 9, "sfr": 8.83902550724638, "rang_decile_sfr": 8, "nombre_eleves": 345}, "geometry": {"type": "Point", "coordinates": [-73.49853, 45.675496]}}, {"type": "Feature", "properties": {"nom": "Notre-Dame", "rang": 142, "adresse": "14425, rue Notre-Dame Est, Montréal, H1A1V6", "source": "MEQ", "annee_scolaire": "2025-2026", "code_organisme": "761009", "nom_organisme": "École Notre-Dame", "code_css_cs": "761000", "nom_css_cs": "Centre de services scolaire de la Pointe-de-l'Île (761000)", "municipalite": "Montréal", "ordre_enseignement": "Préscolaire - Primaire", "type_cs": "Franco", "imse": 8.83977962025316, "rang_decile_imse": 8, "sfr": 9.91542599999996, "rang_decile_sfr": 8, "nombre_eleves": 395}, "geometry": {"type": "Point", "coordinates": [-73.494151, 45.673534]}}, {"type": "Feature", "properties": {"nom": "Belle-Rive, pavillon des Trembles, de la", "rang": 88, "adresse": "15700, rue Notre-Dame Est, Montréal, H1A1X4", "source": "MEQ", "annee_scolaire": "2025-2026", "code_organisme": "761011", "nom_organisme": "École de la Belle-Rive", "code_css_cs": "761000", "nom_css_cs": "Centre de services scolaire de la Pointe-de-l'Île (761000)", "municipalite": "Montréal", "ordre_enseignement": "Préscolaire - Primaire", "type_cs": "Franco", "imse": 7.26344310782238, "rang_decile_imse": 6, "sfr": 6.60473308668078, "rang_decile_sfr": 7, "nombre_eleves": 473}, "geometry": {"type": "Point", "coordinates": [-73.488027, 45.691012]}}, {"type": "Feature", "properties": {"nom": "Belle-Rive, pavillon de la Pointe, de la", "rang": 87, "adresse": "16360, rue Bureau, Montréal, H1A1Z5", "source": "MEQ", "annee_scolaire": "2025-2026", "code_organisme": "761011", "nom_organisme": "École de la Belle-Rive", "code_css_cs": "761000", "nom_css_cs": "Centre de services scolaire de la Pointe-de-l'Île (761000)", "municipalite": "Montréal", "ordre_enseignement": "Préscolaire - Primaire", "type_cs": "Franco", "imse": 7.26344310782238, "rang_decile_imse": 6, "sfr": 6.60473308668078, "rang_decile_sfr": 7, "nombre_eleves": 473}, "geometry": {"type": "Point", "coordinates": [-73.479247, 45.700858]}}, {"type": "Feature", "properties": {"nom": "Saint-Marcel", "rang": 46, "adresse": "1470, 16e Avenue, Montréal, H1B3N6", "source": "MEQ", "annee_scolaire": "2025-2026", "code_organisme": "761013", "nom_organisme": "École Saint-Marcel", "code_css_cs": "761000", "nom_css_cs": "Centre de services scolaire de la Pointe-de-l'Île (761000)", "municipalite": "Montréal", "ordre_enseignement": "Préscolaire - Primaire", "type_cs": "Franco", "imse": 5.8217484461153, "rang_decile_imse": 5, "sfr": 7.58646498746868, "rang_decile_sfr": 8, "nombre_eleves": 399}, "geometry": {"type": "Point", "coordinates": [-73.50393, 45.645481]}}, {"type": "Feature", "properties": {"nom": "Alphonse-Pesant", "rang": 307, "adresse": "4600, rue Compiègne, Montréal, H1R1S7", "source": "MEQ", "annee_scolaire": "2025-2026", "code_organisme": "761020", "nom_organisme": "École Alphonse-Pesant", "code_css_cs": "761000", "nom_css_cs": "Centre de services scolaire de la Pointe-de-l'Île (761000)", "municipalite": "Montréal", "ordre_enseignement": "Préscolaire - Primaire", "type_cs": "Franco", "imse": 14.1787629761904, "rang_decile_imse": 10, "sfr": 13.9794204081633, "rang_decile_sfr": 9, "nombre_eleves": 588}, "geometry": {"type": "Point", "coordinates": [-73.60342, 45.57952]}}, {"type": "Feature", "properties": {"nom": "Gabrielle-Roy", "rang": 254, "adresse": "5950, rue Honoré-Mercier, Montréal, H1P3E4", "source": "MEQ", "annee_scolaire": "2025-2026", "code_organisme": "761021", "nom_organisme": "École Gabrielle-Roy", "code_css_cs": "761000", "nom_css_cs": "Centre de services scolaire de la Pointe-de-l'Île (761000)", "municipalite": "Montréal", "ordre_enseignement": "Préscolaire - Primaire", "type_cs": "Franco", "imse": 11.7627625622775, "rang_decile_imse": 9, "sfr": 12.9162500533808, "rang_decile_sfr": 9, "nombre_eleves": 562}, "geometry": {"type": "Point", "coordinates": [-73.601953, 45.596899]}}, {"type": "Feature", "properties": {"nom": "Dauversière, la", "rang": 265, "adresse": "5485, rue Jean Talon Est, Montréal, H1S1L8", "source": "MEQ", "annee_scolaire": "2025-2026", "code_organisme": "761022", "nom_organisme": "École La Dauversière", "code_css_cs": "761000", "nom_css_cs": "Centre de services scolaire de la Pointe-de-l'Île (761000)", "municipalite": "Montréal", "ordre_enseignement": "Préscolaire - Primaire", "type_cs": "Franco", "imse": 12.0909878236398, "rang_decile_imse": 9, "sfr": 16.1455323639776, "rang_decile_sfr": 10, "nombre_eleves": 533}, "geometry": {"type": "Point", "coordinates": [-73.581316, 45.581185]}}, {"type": "Feature", "properties": {"nom": "Lambert-Closse", "rang": 284, "adresse": "6105, rue Ladauversière, Montréal, H1S1R6", "source": "MEQ", "annee_scolaire": "2025-2026", "code_organisme": "761023", "nom_organisme": "École Lambert-Closse", "code_css_cs": "761000", "nom_css_cs": "Centre de services scolaire de la Pointe-de-l'Île (761000)", "municipalite": "Montréal", "ordre_enseignement": "Préscolaire - Primaire", "type_cs": "Franco", "imse": 12.6619272431508, "rang_decile_imse": 9, "sfr": 17.8447473458905, "rang_decile_sfr": 10, "nombre_eleves": 584}, "geometry": {"type": "Point", "coordinates": [-73.574355, 45.586828]}}, {"type": "Feature", "properties": {"nom": "Pie-XII", "rang": 269, "adresse": "5455, rue Dujarié, Montréal, H1R1K4", "source": "MEQ", "annee_scolaire": "2025-2026", "code_organisme": "761024", "nom_organisme": "École Pie XII", "code_css_cs": "761000", "nom_css_cs": "Centre de services scolaire de la Pointe-de-l'Île (761000)", "municipalite": "Montréal", "ordre_enseignement": "Préscolaire - Primaire", "type_cs": "Franco", "imse": 12.2532879582367, "rang_decile_imse": 9, "sfr": 13.5162978190255, "rang_decile_sfr": 9, "nombre_eleves": 431}, "geometry": {"type": "Point", "coordinates": [-73.605018, 45.590581]}}, {"type": "Feature", "properties": {"nom": "Victor-Lavigne", "rang": 170, "adresse": "5400, boulevard Couture, Montréal, H1R1C7", "source": "MEQ", "annee_scolaire": "2025-2026", "code_organisme": "761025", "nom_organisme": "École Victor-Lavigne", "code_css_cs": "761000", "nom_css_cs": "Centre de services scolaire de la Pointe-de-l'Île (761000)", "municipalite": "Montréal", "ordre_enseignement": "Préscolaire - Primaire", "type_cs": "Franco", "imse": 9.30712460800002, "rang_decile_imse": 8, "sfr": 12.698194496, "rang_decile_sfr": 9, "nombre_eleves": 625}, "geometry": {"type": "Point", "coordinates": [-73.610251, 45.592534]}}, {"type": "Feature", "properties": {"nom": "Wilfrid-Bastien", "rang": 171, "adresse": "8155, rue Collerette, Montréal, H1P2V6", "source": "MEQ", "annee_scolaire": "2025-2026", "code_organisme": "761026", "nom_organisme": "École Wilfrid-Bastien", "code_css_cs": "761000", "nom_css_cs": "Centre de services scolaire de la Pointe-de-l'Île (761000)", "municipalite": "Montréal", "ordre_enseignement": "Préscolaire - Primaire", "type_cs": "Franco", "imse": 9.44250184663536, "rang_decile_imse": 8, "sfr": 12.9456295931143, "rang_decile_sfr": 9, "nombre_eleves": 639}, "geometry": {"type": "Point", "coordinates": [-73.592269, 45.585802]}}, {"type": "Feature", "properties": {"nom": "Ferland", "rang": 149, "adresse": "8755, rue Belcourt, Montréal, H1P2L9", "source": "MEQ", "annee_scolaire": "2025-2026", "code_organisme": "761027", "nom_organisme": "École Ferland", "code_css_cs": "761000", "nom_css_cs": "Centre de services scolaire de la Pointe-de-l'Île (761000)", "municipalite": "Montréal", "ordre_enseignement": "Préscolaire - Primaire", "type_cs": "Franco", "imse": 8.92352828124999, "rang_decile_imse": 8, "sfr": 17.1472755000001, "rang_decile_sfr": 10, "nombre_eleves": 320}, "geometry": {"type": "Point", "coordinates": [-73.597836, 45.595189]}}, {"type": "Feature", "properties": {"nom": "Général-Vanier", "rang": 292, "adresse": "4555, rue Buies, Montréal, H1S1J2", "source": "MEQ", "annee_scolaire": "2025-2026", "code_organisme": "761028", "nom_organisme": "École Général Vanier", "code_css_cs": "761000", "nom_css_cs": "Centre de services scolaire de la Pointe-de-l'Île (761000)", "municipalite": "Montréal", "ordre_enseignement": "Préscolaire - Primaire", "type_cs": "Franco", "imse": 12.9838316326531, "rang_decile_imse": 10, "sfr": 16.8445435918368, "rang_decile_sfr": 10, "nombre_eleves": 245}, "geometry": {"type": "Point", "coordinates": [-73.590024, 45.572122]}}, {"type": "Feature", "properties": {"nom": "Cardinal-Léger", "rang": 184, "adresse": "6951, avenue des Ormeaux, Montréal, H1K2X7", "source": "MEQ", "annee_scolaire": "2025-2026", "code_organisme": "761030", "nom_organisme": "École Cardinal-Léger", "code_css_cs": "761000", "nom_css_cs": "Centre de services scolaire de la Pointe-de-l'Île (761000)", "municipalite": "Montréal", "ordre_enseignement": "Préscolaire - Primaire", "type_cs": "Franco", "imse": 9.70548053333336, "rang_decile_imse": 8, "sfr": 14.3970157, "rang_decile_sfr": 10, "nombre_eleves": 300}, "geometry": {"type": "Point", "coordinates": [-73.548142, 45.611587]}}, {"type": "Feature", "properties": {"nom": "Chénier", "rang": 94, "adresse": "5800, avenue Saint-Donat, Montréal, H1K3P4", "source": "MEQ", "annee_scolaire": "2025-2026", "code_organisme": "761031", "nom_organisme": "École Chénier", "code_css_cs": "761000", "nom_css_cs": "Centre de services scolaire de la Pointe-de-l'Île (761000)", "municipalite": "Montréal", "ordre_enseignement": "Préscolaire - Primaire", "type_cs": "Franco", "imse": 7.51551595419851, "rang_decile_imse": 7, "sfr": 11.40325956743, "rang_decile_sfr": 9, "nombre_eleves": 393}, "geometry": {"type": "Point", "coordinates": [-73.542801, 45.604036]}}, {"type": "Feature", "properties": {"nom": "Roseraies, des", "rang": 217, "adresse": "6440, boul. Galeries d'Anjou, Montréal, H1M1W2", "source": "MEQ", "annee_scolaire": "2025-2026", "code_organisme": "761033", "nom_organisme": "École Des Roseraies", "code_css_cs": "761000", "nom_css_cs": "Centre de services scolaire de la Pointe-de-l'Île (761000)", "municipalite": "Montréal", "ordre_enseignement": "Préscolaire - Primaire", "type_cs": "Franco", "imse": 10.4877312921349, "rang_decile_imse": 9, "sfr": 11.8792312359551, "rang_decile_sfr": 9, "nombre_eleves": 356}, "geometry": {"type": "Point", "coordinates": [-73.553934, 45.593848]}}, {"type": "Feature", "properties": {"nom": "Chénier", "rang": 160, "adresse": "5800, avenue Saint-Donat, Montréal, H1K3P4", "source": "MEQ", "annee_scolaire": "2025-2026", "code_organisme": "761035", "nom_organisme": "École Jacques-Rousseau", "code_css_cs": "761000", "nom_css_cs": "Centre de services scolaire de la Pointe-de-l'Île (761000)", "municipalite": "Montréal", "ordre_enseignement": "Préscolaire - Primaire", "type_cs": "Franco", "imse": 9.13028053045189, "rang_decile_imse": 8, "sfr": 15.6280537524558, "rang_decile_sfr": 10, "nombre_eleves": 509}, "geometry": {"type": "Point", "coordinates": [-73.542801, 45.604036]}}, {"type": "Feature", "properties": {"nom": "Jacques-Rousseau", "rang": 161, "adresse": "7455, rue Jarry, Montréal, H1J1G8", "source": "MEQ", "annee_scolaire": "2025-2026", "code_organisme": "761035", "nom_organisme": "École Jacques-Rousseau", "code_css_cs": "761000", "nom_css_cs": "Centre de services scolaire de la Pointe-de-l'Île (761000)", "municipalite": "Montréal", "ordre_enseignement": "Préscolaire - Primaire", "type_cs": "Franco", "imse": 9.13028053045189, "rang_decile_imse": 8, "sfr": 15.6280537524558, "rang_decile_sfr": 10, "nombre_eleves": 509}, "geometry": {"type": "Point", "coordinates": [-73.573379, 45.605656]}}, {"type": "Feature", "properties": {"nom": "Saint-Joseph", "rang": 141, "adresse": "7725, avenue des Ormeaux, Montréal, H1K2Y2", "source": "MEQ", "annee_scolaire": "2025-2026", "code_organisme": "761037", "nom_organisme": "École Saint-Joseph", "code_css_cs": "761000", "nom_css_cs": "Centre de services scolaire de la Pointe-de-l'Île (761000)", "municipalite": "Montréal", "ordre_enseignement": "Préscolaire - Primaire", "type_cs": "Franco", "imse": 8.79869769005848, "rang_decile_imse": 8, "sfr": 14.0408824269006, "rang_decile_sfr": 9, "nombre_eleves": 342}, "geometry": {"type": "Point", "coordinates": [-73.554263, 45.614584]}}, {"type": "Feature", "properties": {"nom": "Wilfrid-Pelletier annexe", "rang": 152, "adresse": "7741, avenue du Ronceray, Montréal, H1K3W7", "source": "MEQ", "annee_scolaire": "2025-2026", "code_organisme": "761038", "nom_organisme": "École internationale Wilfrid-Pelletier", "code_css_cs": "761000", "nom_css_cs": "Centre de services scolaire de la Pointe-de-l'Île (761000)", "municipalite": "Montréal", "ordre_enseignement": "Préscolaire - Primaire", "type_cs": "Franco", "imse": 8.95953454835278, "rang_decile_imse": 8, "sfr": 12.131484378321, "rang_decile_sfr": 9, "nombre_eleves": 941}, "geometry": {"type": "Point", "coordinates": [-73.560932, 45.606493]}}, {"type": "Feature", "properties": {"nom": "Wilfrid-Pelletier", "rang": 151, "adresse": "8301, boul. Wilfrid-Pelletier, Montréal, H1K1M2", "source": "MEQ", "annee_scolaire": "2025-2026", "code_organisme": "761038", "nom_organisme": "École internationale Wilfrid-Pelletier", "code_css_cs": "761000", "nom_css_cs": "Centre de services scolaire de la Pointe-de-l'Île (761000)", "municipalite": "Montréal", "ordre_enseignement": "Préscolaire - Primaire", "type_cs": "Franco", "imse": 8.95953454835278, "rang_decile_imse": 8, "sfr": 12.131484378321, "rang_decile_sfr": 9, "nombre_eleves": 941}, "geometry": {"type": "Point", "coordinates": [-73.553628, 45.607573]}}, {"type": "Feature", "properties": {"nom": "Roseraies, des", "rang": 85, "adresse": "6440, boul. Galeries d'Anjou, Montréal, H1M1W2", "source": "MEQ", "annee_scolaire": "2025-2026", "code_organisme": "761039", "nom_organisme": "École Albatros", "code_css_cs": "761000", "nom_css_cs": "Centre de services scolaire de la Pointe-de-l'Île (761000)", "municipalite": "Montréal", "ordre_enseignement": "Préscolaire - Primaire", "type_cs": "Franco", "imse": 7.22473434782608, "rang_decile_imse": 6, "sfr": 9.77903147826087, "rang_decile_sfr": 8, "nombre_eleves": 115}, "geometry": {"type": "Point", "coordinates": [-73.553934, 45.593848]}}, {"type": "Feature", "properties": {"nom": "Denise-Pelletier", "rang": 95, "adresse": "12160, 27e Avenue, Montréal, H1E1Z5", "source": "MEQ", "annee_scolaire": "2025-2026", "code_organisme": "761040", "nom_organisme": "École Denise-Pelletier", "code_css_cs": "761000", "nom_css_cs": "Centre de services scolaire de la Pointe-de-l'Île (761000)", "municipalite": "Montréal", "ordre_enseignement": "Préscolaire - Primaire", "type_cs": "Franco", "imse": 7.64200910404624, "rang_decile_imse": 7, "sfr": 10.476775867052, "rang_decile_sfr": 8, "nombre_eleves": 346}, "geometry": {"type": "Point", "coordinates": [-73.589817, 45.637615]}}, {"type": "Feature", "properties": {"nom": "Fernand-Gauthier", "rang": 154, "adresse": "12600, avenue Paul-Dufault, Montréal, H1E2B6", "source": "MEQ", "annee_scolaire": "2025-2026", "code_organisme": "761042", "nom_organisme": "École Fernand-Gauthier", "code_css_cs": "761000", "nom_css_cs": "Centre de services scolaire de la Pointe-de-l'Île (761000)", "municipalite": "Montréal", "ordre_enseignement": "Préscolaire - Primaire", "type_cs": "Franco", "imse": 8.97636862179486, "rang_decile_imse": 8, "sfr": 8.95542451923078, "rang_decile_sfr": 8, "nombre_eleves": 312}, "geometry": {"type": "Point", "coordinates": [-73.592283, 45.643366]}}, {"type": "Feature", "properties": {"nom": "Marc-Aurèle-Fortin", "rang": 163, "adresse": "12230, avenue Fernand Gauthier, Montréal, H1E5N4", "source": "MEQ", "annee_scolaire": "2025-2026", "code_organisme": "761044", "nom_organisme": "École Marc-Aurèle-Fortin", "code_css_cs": "761000", "nom_css_cs": "Centre de services scolaire de la Pointe-de-l'Île (761000)", "municipalite": "Montréal", "ordre_enseignement": "Préscolaire - Primaire", "type_cs": "Franco", "imse": 9.15058876889847, "rang_decile_imse": 8, "sfr": 7.3912355939525, "rang_decile_sfr": 8, "nombre_eleves": 463}, "geometry": {"type": "Point", "coordinates": [-73.600891, 45.631585]}}, {"type": "Feature", "properties": {"nom": "Marc-Aurèle-Fortin, annexe", "rang": 163, "adresse": "12550, avenue Fernand Gauthier, Montréal, H1E1S8", "source": "MEQ", "annee_scolaire": "2025-2026", "code_organisme": "761044", "nom_organisme": "École Marc-Aurèle-Fortin", "code_css_cs": "761000", "nom_css_cs": "Centre de services scolaire de la Pointe-de-l'Île (761000)", "municipalite": "Montréal", "ordre_enseignement": "Préscolaire - Primaire", "type_cs": "Franco", "imse": 9.15058876889847, "rang_decile_imse": 8, "sfr": 7.3912355939525, "rang_decile_sfr": 8, "nombre_eleves": 463}, "geometry": {"type": "Point", "coordinates": [-73.605058, 45.635914]}}, {"type": "Feature", "properties": {"nom": "Notre-Dame-de-Fatima", "rang": 143, "adresse": "12200, avenue René-Masson, Montréal, H1E4T4", "source": "MEQ", "annee_scolaire": "2025-2026", "code_organisme": "761045", "nom_organisme": "École Notre-Dame-de-Fatima", "code_css_cs": "761000", "nom_css_cs": "Centre de services scolaire de la Pointe-de-l'Île (761000)", "municipalite": "Montréal", "ordre_enseignement": "Préscolaire - Primaire", "type_cs": "Franco", "imse": 8.8674965086207, "rang_decile_imse": 8, "sfr": 7.47363193965517, "rang_decile_sfr": 8, "nombre_eleves": 464}, "geometry": {"type": "Point", "coordinates": [-73.575057, 45.647182]}}, {"type": "Feature", "properties": {"nom": "Simone-Desjardins pavillon Perras", "rang": 69, "adresse": "9955, boulevard Perras, Montréal, H1C1V8", "source": "MEQ", "annee_scolaire": "2025-2026", "code_organisme": "761046", "nom_organisme": "École Simone-Desjardins", "code_css_cs": "761000", "nom_css_cs": "Centre de services scolaire de la Pointe-de-l'Île (761000)", "municipalite": "Montréal", "ordre_enseignement": "Préscolaire - Primaire", "type_cs": "Franco", "imse": 6.56103389870437, "rang_decile_imse": 6, "sfr": 3.84295196702004, "rang_decile_sfr": 5, "nombre_eleves": 849}, "geometry": {"type": "Point", "coordinates": [-73.563384, 45.6598]}}, {"type": "Feature", "properties": {"nom": "Simone-Desjardins pavillon Gouin", "rang": 68, "adresse": "10004, boulevard Gouin Est, Montréal, H1C1A8", "source": "MEQ", "annee_scolaire": "2025-2026", "code_organisme": "761046", "nom_organisme": "École Simone-Desjardins", "code_css_cs": "761000", "nom_css_cs": "Centre de services scolaire de la Pointe-de-l'Île (761000)", "municipalite": "Montréal", "ordre_enseignement": "Préscolaire - Primaire", "type_cs": "Franco", "imse": 6.56103389870437, "rang_decile_imse": 6, "sfr": 3.84295196702004, "rang_decile_sfr": 5, "nombre_eleves": 849}, "geometry": {"type": "Point", "coordinates": [-73.56161, 45.660781]}}, {"type": "Feature", "properties": {"nom": "Adélard-Desrosiers", "rang": 337, "adresse": "12600, avenue Fortin, Montréal, H1G4A1", "source": "MEQ", "annee_scolaire": "2025-2026", "code_organisme": "761050", "nom_organisme": "École Adélard-Desrosiers", "code_css_cs": "761000", "nom_css_cs": "Centre de services scolaire de la Pointe-de-l'Île (761000)", "municipalite": "Montréal", "ordre_enseignement": "Préscolaire - Primaire", "type_cs": "Franco", "imse": 20.3332061586313, "rang_decile_imse": 10, "sfr": 24.2068906842923, "rang_decile_sfr": 10, "nombre_eleves": 643}, "geometry": {"type": "Point", "coordinates": [-73.628931, 45.619102]}}, {"type": "Feature", "properties": {"nom": "Fraternité, de la", "rang": 332, "adresse": "11241, avenue Drapeau, Montréal, H1H3K3", "source": "MEQ", "annee_scolaire": "2025-2026", "code_organisme": "761052", "nom_organisme": "École De la Fraternité", "code_css_cs": "761000", "nom_css_cs": "Centre de services scolaire de la Pointe-de-l'Île (761000)", "municipalite": "Montréal", "ordre_enseignement": "Préscolaire - Primaire", "type_cs": "Franco", "imse": 17.5869239719626, "rang_decile_imse": 10, "sfr": 23.6324715654205, "rang_decile_sfr": 10, "nombre_eleves": 428}, "geometry": {"type": "Point", "coordinates": [-73.633201, 45.597304]}}, {"type": "Feature", "properties": {"nom": "Fraternité Annexe, de la", "rang": 331, "adresse": "4975, rue d'Amos, Montréal, H1G2X2", "source": "MEQ", "annee_scolaire": "2025-2026", "code_organisme": "761052", "nom_organisme": "École De la Fraternité", "code_css_cs": "761000", "nom_css_cs": "Centre de services scolaire de la Pointe-de-l'Île (761000)", "municipalite": "Montréal", "ordre_enseignement": "Préscolaire - Primaire", "type_cs": "Franco", "imse": 17.5869239719626, "rang_decile_imse": 10, "sfr": 23.6324715654205, "rang_decile_sfr": 10, "nombre_eleves": 428}, "geometry": {"type": "Point", "coordinates": [-73.630582, 45.600121]}}, {"type": "Feature", "properties": {"nom": "Jean-Nicolet", "rang": 333, "adresse": "11235, avenue Salk, Montréal, H1G4Y3", "source": "MEQ", "annee_scolaire": "2025-2026", "code_organisme": "761054", "nom_organisme": "École Jean-Nicolet", "code_css_cs": "761000", "nom_css_cs": "Centre de services scolaire de la Pointe-de-l'Île (761000)", "municipalite": "Montréal", "ordre_enseignement": "Préscolaire - Primaire", "type_cs": "Franco", "imse": 17.8935410969793, "rang_decile_imse": 10, "sfr": 19.045409173291, "rang_decile_sfr": 10, "nombre_eleves": 629}, "geometry": {"type": "Point", "coordinates": [-73.623908, 45.602479]}}, {"type": "Feature", "properties": {"nom": "Jean-Nicolet Annexe", "rang": 334, "adresse": "11135, avenue Alfred, Montréal, H1G5B6", "source": "MEQ", "annee_scolaire": "2025-2026", "code_organisme": "761054", "nom_organisme": "École Jean-Nicolet", "code_css_cs": "761000", "nom_css_cs": "Centre de services scolaire de la Pointe-de-l'Île (761000)", "municipalite": "Montréal", "ordre_enseignement": "Préscolaire - Primaire", "type_cs": "Franco", "imse": 17.8935410969793, "rang_decile_imse": 10, "sfr": 19.045409173291, "rang_decile_sfr": 10, "nombre_eleves": 629}, "geometry": {"type": "Point", "coordinates": [-73.624736, 45.600949]}}, {"type": "Feature", "properties": {"nom": "Jules-Verne", "rang": 347, "adresse": "11811, rue P.-M. Favier, Montréal, H1G5X4", "source": "MEQ", "annee_scolaire": "2025-2026", "code_organisme": "761055", "nom_organisme": "École Jules-Verne", "code_css_cs": "761000", "nom_css_cs": "Centre de services scolaire de la Pointe-de-l'Île (761000)", "municipalite": "Montréal", "ordre_enseignement": "Préscolaire - Primaire", "type_cs": "Franco", "imse": 24.4223032618027, "rang_decile_imse": 10, "sfr": 29.0159530042919, "rang_decile_sfr": 10, "nombre_eleves": 699}, "geometry": {"type": "Point", "coordinates": [-73.618248, 45.612406]}}, {"type": "Feature", "properties": {"nom": "Carignan, le", "rang": 335, "adresse": "11480, boulevard Rolland, Montréal, H1G3T9", "source": "MEQ", "annee_scolaire": "2025-2026", "code_organisme": "761057", "nom_organisme": "École Le Carignan", "code_css_cs": "761000", "nom_css_cs": "Centre de services scolaire de la Pointe-de-l'Île (761000)", "municipalite": "Montréal", "ordre_enseignement": "Préscolaire - Primaire", "type_cs": "Franco", "imse": 18.8038127879798, "rang_decile_imse": 10, "sfr": 18.9151061268781, "rang_decile_sfr": 10, "nombre_eleves": 599}, "geometry": {"type": "Point", "coordinates": [-73.614733, 45.610417]}}, {"type": "Feature", "properties": {"nom": "Marc-Laflamme-Le Prélude annexe", "rang": 222, "adresse": "1680, 8e Avenue, Montréal, H1B4H5", "source": "MEQ", "annee_scolaire": "2025-2026", "code_organisme": "761058", "nom_organisme": "École Marc-Laflamme - Le Prélude", "code_css_cs": "761000", "nom_css_cs": "Centre de services scolaire de la Pointe-de-l'Île (761000)", "municipalite": "Montréal", "ordre_enseignement": "Primaire - Secondaire", "type_cs": "Franco", "imse": 10.6099298823529, "rang_decile_imse": 9, "sfr": 12.7528, "rang_decile_sfr": 9, "nombre_eleves": 85}, "geometry": {"type": "Point", "coordinates": [-73.507958, 45.640639]}}, {"type": "Feature", "properties": {"nom": "Marc-Laflamme-Le Prélude", "rang": 221, "adresse": "555, 19e Avenue, Montréal, H1B3E3", "source": "MEQ", "annee_scolaire": "2025-2026", "code_organisme": "761058", "nom_organisme": "École Marc-Laflamme - Le Prélude", "code_css_cs": "761000", "nom_css_cs": "Centre de services scolaire de la Pointe-de-l'Île (761000)", "municipalite": "Montréal", "ordre_enseignement": "Préscolaire - Primaire - Secondaire", "type_cs": "Franco", "imse": 10.6099298823529, "rang_decile_imse": 9, "sfr": 12.7528, "rang_decile_sfr": 9, "nombre_eleves": 85}, "geometry": {"type": "Point", "coordinates": [-73.490475, 45.645814]}}, {"type": "Feature", "properties": {"nom": "Hôpital Rivière-des-Prairies", "rang": 220, "adresse": "7070, boulevard Perras, Montréal, H1E1A4", "source": "MEQ", "annee_scolaire": "2025-2026", "code_organisme": "761058", "nom_organisme": "École Marc-Laflamme - Le Prélude", "code_css_cs": "761000", "nom_css_cs": "Centre de services scolaire de la Pointe-de-l'Île (761000)", "municipalite": "Montréal", "ordre_enseignement": "Primaire - Secondaire", "type_cs": "Franco", "imse": 10.6099298823529, "rang_decile_imse": 9, "sfr": 12.7528, "rang_decile_sfr": 9, "nombre_eleves": 85}, "geometry": {"type": "Point", "coordinates": [-73.611759, 45.624547]}}, {"type": "Feature", "properties": {"nom": "Pierre-De-Coubertin", "rang": 299, "adresse": "4660, rue Charleroi, Montréal, H1H1T7", "source": "MEQ", "annee_scolaire": "2025-2026", "code_organisme": "761059", "nom_organisme": "École Pierre-de-Coubertin", "code_css_cs": "761000", "nom_css_cs": "Centre de services scolaire de la Pointe-de-l'Île (761000)", "municipalite": "Montréal", "ordre_enseignement": "Préscolaire - Primaire", "type_cs": "Franco", "imse": 13.5507869583333, "rang_decile_imse": 10, "sfr": 15.7865165, "rang_decile_sfr": 10, "nombre_eleves": 240}, "geometry": {"type": "Point", "coordinates": [-73.632665, 45.595855]}}, {"type": "Feature", "properties": {"nom": "René-Guenette", "rang": 290, "adresse": "11070, avenue Rome, Montréal, H1H4P6", "source": "MEQ", "annee_scolaire": "2025-2026", "code_organisme": "761060", "nom_organisme": "École René-Guénette", "code_css_cs": "761000", "nom_css_cs": "Centre de services scolaire de la Pointe-de-l'Île (761000)", "municipalite": "Montréal", "ordre_enseignement": "Préscolaire - Primaire", "type_cs": "Franco", "imse": 12.9740168091169, "rang_decile_imse": 10, "sfr": 19.2492140883192, "rang_decile_sfr": 10, "nombre_eleves": 702}, "geometry": {"type": "Point", "coordinates": [-73.644644, 45.590095]}}, {"type": "Feature", "properties": {"nom": "René-Guénette Annexe", "rang": 291, "adresse": "3360, rue Prieur Est, Montréal, H1H2K9", "source": "MEQ", "annee_scolaire": "2025-2026", "code_organisme": "761060", "nom_organisme": "École René-Guénette", "code_css_cs": "761000", "nom_css_cs": "Centre de services scolaire de la Pointe-de-l'Île (761000)", "municipalite": "Montréal", "ordre_enseignement": "Préscolaire - Primaire", "type_cs": "Franco", "imse": 12.9740168091169, "rang_decile_imse": 10, "sfr": 19.2492140883192, "rang_decile_sfr": 10, "nombre_eleves": 702}, "geometry": {"type": "Point", "coordinates": [-73.644276, 45.582508]}}, {"type": "Feature", "properties": {"nom": "Saint-Rémi", "rang": 314, "adresse": "10152, avenue Rome, Montréal, H1H4N6", "source": "MEQ", "annee_scolaire": "2025-2026", "code_organisme": "761062", "nom_organisme": "École Saint-Rémi", "code_css_cs": "761000", "nom_css_cs": "Centre de services scolaire de la Pointe-de-l'Île (761000)", "municipalite": "Montréal", "ordre_enseignement": "Préscolaire - Primaire", "type_cs": "Franco", "imse": 14.8326103119869, "rang_decile_imse": 10, "sfr": 14.8995429392447, "rang_decile_sfr": 10, "nombre_eleves": 609}, "geometry": {"type": "Point", "coordinates": [-73.636293, 45.582247]}}, {"type": "Feature", "properties": {"nom": "Saint-Rémi Annexe", "rang": 315, "adresse": "4041, rue Monselet, Montréal, H1H2C6", "source": "MEQ", "annee_scolaire": "2025-2026", "code_organisme": "761062", "nom_organisme": "École Saint-Rémi", "code_css_cs": "761000", "nom_css_cs": "Centre de services scolaire de la Pointe-de-l'Île (761000)", "municipalite": "Montréal", "ordre_enseignement": "Préscolaire - Primaire", "type_cs": "Franco", "imse": 14.8326103119869, "rang_decile_imse": 10, "sfr": 14.8995429392447, "rang_decile_sfr": 10, "nombre_eleves": 609}, "geometry": {"type": "Point", "coordinates": [-73.637579, 45.590095]}}, {"type": "Feature", "properties": {"nom": "Saint-Vincent-Marie", "rang": 329, "adresse": "4601, rue de Castille, Montréal, H1H1Y4", "source": "MEQ", "annee_scolaire": "2025-2026", "code_organisme": "761063", "nom_organisme": "École Saint-Vincent-Marie", "code_css_cs": "761000", "nom_css_cs": "Centre de services scolaire de la Pointe-de-l'Île (761000)", "municipalite": "Montréal", "ordre_enseignement": "Préscolaire - Primaire", "type_cs": "Franco", "imse": 17.039569042735, "rang_decile_imse": 10, "sfr": 19.129995008547, "rang_decile_sfr": 10, "nombre_eleves": 585}, "geometry": {"type": "Point", "coordinates": [-73.63267, 45.594667]}}, {"type": "Feature", "properties": {"nom": "Sainte-Colette", "rang": 325, "adresse": "12001, rue Jean-Paul-Cardinal, Montréal, H1G4W4", "source": "MEQ", "annee_scolaire": "2025-2026", "code_organisme": "761064", "nom_organisme": "École Sainte-Colette", "code_css_cs": "761000", "nom_css_cs": "Centre de services scolaire de la Pointe-de-l'Île (761000)", "municipalite": "Montréal", "ordre_enseignement": "Préscolaire - Primaire", "type_cs": "Franco", "imse": 15.666499057971, "rang_decile_imse": 10, "sfr": 16.2912590036232, "rang_decile_sfr": 10, "nombre_eleves": 552}, "geometry": {"type": "Point", "coordinates": [-73.629795, 45.610129]}}, {"type": "Feature", "properties": {"nom": "Sainte-Colette Annexe", "rang": 326, "adresse": "11960, boulevard Ste-Colette, Montréal, H1G4V1", "source": "MEQ", "annee_scolaire": "2025-2026", "code_organisme": "761064", "nom_organisme": "École Sainte-Colette", "code_css_cs": "761000", "nom_css_cs": "Centre de services scolaire de la Pointe-de-l'Île (761000)", "municipalite": "Montréal", "ordre_enseignement": "Préscolaire - Primaire", "type_cs": "Franco", "imse": 15.666499057971, "rang_decile_imse": 10, "sfr": 16.2912590036232, "rang_decile_sfr": 10, "nombre_eleves": 552}, "geometry": {"type": "Point", "coordinates": [-73.628859, 45.609238]}}, {"type": "Feature", "properties": {"nom": "Sainte-Gertrude annexe", "rang": 324, "adresse": "5009, rue Ardennes, Montréal, H1G2H7", "source": "MEQ", "annee_scolaire": "2025-2026", "code_organisme": "761066", "nom_organisme": "École Sainte-Gertrude", "code_css_cs": "761000", "nom_css_cs": "Centre de services scolaire de la Pointe-de-l'Île (761000)", "municipalite": "Montréal", "ordre_enseignement": "Préscolaire - Primaire", "type_cs": "Franco", "imse": 15.6550663255033, "rang_decile_imse": 10, "sfr": 17.5175409395973, "rang_decile_sfr": 10, "nombre_eleves": 596}, "geometry": {"type": "Point", "coordinates": [-73.633399, 45.604261]}}, {"type": "Feature", "properties": {"nom": "Sainte-Gertrude", "rang": 323, "adresse": "11813, boulevard Ste-Gertrude, Montréal, H1G5P8", "source": "MEQ", "annee_scolaire": "2025-2026", "code_organisme": "761066", "nom_organisme": "École Sainte-Gertrude", "code_css_cs": "761000", "nom_css_cs": "Centre de services scolaire de la Pointe-de-l'Île (761000)", "municipalite": "Montréal", "ordre_enseignement": "Préscolaire - Primaire", "type_cs": "Franco", "imse": 15.6550663255033, "rang_decile_imse": 10, "sfr": 17.5175409395973, "rang_decile_sfr": 10, "nombre_eleves": 596}, "geometry": {"type": "Point", "coordinates": [-73.634249, 45.604666]}}, {"type": "Feature", "properties": {"nom": "Daniel-Johnson", "rang": 219, "adresse": "1200, boul. du Tricentenaire, Montréal, H1B3A8", "source": "MEQ", "annee_scolaire": "2025-2026", "code_organisme": "761070", "nom_organisme": "École secondaire Daniel-Johnson", "code_css_cs": "761000", "nom_css_cs": "Centre de services scolaire de la Pointe-de-l'Île (761000)", "municipalite": "Montréal", "ordre_enseignement": "Secondaire", "type_cs": "Franco", "imse": 10.5469246724138, "rang_decile_imse": 9, "sfr": 11.2434430258621, "rang_decile_sfr": 9, "nombre_eleves": 1160}, "geometry": {"type": "Point", "coordinates": [-73.497193, 45.650485]}}, {"type": "Feature", "properties": {"nom": "Pointe-aux-Trembles", "rang": 128, "adresse": "15200, rue Sherbrooke Est, Montréal, H1A3P9", "source": "MEQ", "annee_scolaire": "2025-2026", "code_organisme": "761071", "nom_organisme": "École secondaire de la Pointe-aux-Trembles", "code_css_cs": "761000", "nom_css_cs": "Centre de services scolaire de la Pointe-de-l'Île (761000)", "municipalite": "Montréal", "ordre_enseignement": "Secondaire", "type_cs": "Franco", "imse": 8.561691127451, "rang_decile_imse": 7, "sfr": 9.2316466482843, "rang_decile_sfr": 8, "nombre_eleves": 1632}, "geometry": {"type": "Point", "coordinates": [-73.497765, 45.685054]}}, {"type": "Feature", "properties": {"nom": "Marc-Laflamme-Le Prélude annexe", "rang": 272, "adresse": "1680, 8e Avenue, Montréal, H1B4H5", "source": "MEQ", "annee_scolaire": "2025-2026", "code_organisme": "761072", "nom_organisme": "École Le Tournesol", "code_css_cs": "761000", "nom_css_cs": "Centre de services scolaire de la Pointe-de-l'Île (761000)", "municipalite": "Montréal", "ordre_enseignement": "Préscolaire - Primaire - Secondaire", "type_cs": "Franco", "imse": 12.2958743564356, "rang_decile_imse": 10, "sfr": 13.309368019802, "rang_decile_sfr": 9, "nombre_eleves": 101}, "geometry": {"type": "Point", "coordinates": [-73.507958, 45.640639]}}, {"type": "Feature", "properties": {"nom": "Pointe-aux-Trembles", "rang": 273, "adresse": "15200, rue Sherbrooke Est, Montréal, H1A3P9", "source": "MEQ", "annee_scolaire": "2025-2026", "code_organisme": "761072", "nom_organisme": "École Le Tournesol", "code_css_cs": "761000", "nom_css_cs": "Centre de services scolaire de la Pointe-de-l'Île (761000)", "municipalite": "Montréal", "ordre_enseignement": "Préscolaire - Primaire - Secondaire", "type_cs": "Franco", "imse": 12.2958743564356, "rang_decile_imse": 10, "sfr": 13.309368019802, "rang_decile_sfr": 9, "nombre_eleves": 101}, "geometry": {"type": "Point", "coordinates": [-73.497765, 45.685054]}}, {"type": "Feature", "properties": {"nom": "Tournesol, le", "rang": 274, "adresse": "15150, rue Sherbrooke Est, Montréal, H1A3P9", "source": "MEQ", "annee_scolaire": "2025-2026", "code_organisme": "761072", "nom_organisme": "École Le Tournesol", "code_css_cs": "761000", "nom_css_cs": "Centre de services scolaire de la Pointe-de-l'Île (761000)", "municipalite": "Montréal", "ordre_enseignement": "Préscolaire - Primaire - Secondaire", "type_cs": "Franco", "imse": 12.2958743564356, "rang_decile_imse": 10, "sfr": 13.309368019802, "rang_decile_sfr": 9, "nombre_eleves": 101}, "geometry": {"type": "Point", "coordinates": [-73.497765, 45.685054]}}, {"type": "Feature", "properties": {"nom": "Le Tournesol Annexe (RDP)", "rang": 271, "adresse": "12823, avenue Rodolphe-Forget, Montréal, H1E6P6", "source": "MEQ", "annee_scolaire": "2025-2026", "code_organisme": "761072", "nom_organisme": "École Le Tournesol", "code_css_cs": "761000", "nom_css_cs": "Centre de services scolaire de la Pointe-de-l'Île (761000)", "municipalite": "Montréal", "ordre_enseignement": "Préscolaire - Primaire - Secondaire", "type_cs": "Franco", "imse": 12.2958743564356, "rang_decile_imse": 10, "sfr": 13.309368019802, "rang_decile_sfr": 9, "nombre_eleves": 101}, "geometry": {"type": "Point", "coordinates": [-73.581856, 45.652546]}}, {"type": "Feature", "properties": {"nom": "Centre de réadaptation - Hôpital RDP", "rang": 270, "adresse": "7070, boulevard Perras, Montréal, H1E1A4", "source": "MEQ", "annee_scolaire": "2025-2026", "code_organisme": "761072", "nom_organisme": "École Le Tournesol", "code_css_cs": "761000", "nom_css_cs": "Centre de services scolaire de la Pointe-de-l'Île (761000)", "municipalite": "Montréal", "ordre_enseignement": "Préscolaire - Primaire - Secondaire", "type_cs": "Franco", "imse": 12.2958743564356, "rang_decile_imse": 10, "sfr": 13.309368019802, "rang_decile_sfr": 9, "nombre_eleves": 101}, "geometry": {"type": "Point", "coordinates": [-73.611759, 45.624547]}}, {"type": "Feature", "properties": {"nom": "Antoine-de-Saint-Exupéry", "rang": 245, "adresse": "5150, boulevard Robert, Montréal, H1R1P9", "source": "MEQ", "annee_scolaire": "2025-2026", "code_organisme": "761075", "nom_organisme": "École secondaire Antoine-de-Saint-Exupéry", "code_css_cs": "761000", "nom_css_cs": "Centre de services scolaire de la Pointe-de-l'Île (761000)", "municipalite": "Montréal", "ordre_enseignement": "Secondaire", "type_cs": "Franco", "imse": 11.4666106945898, "rang_decile_imse": 9, "sfr": 13.8377544013962, "rang_decile_sfr": 10, "nombre_eleves": 2865}, "geometry": {"type": "Point", "coordinates": [-73.601688, 45.584623]}}, {"type": "Feature", "properties": {"nom": "Antoine-de-Saint-Exupéry annexe", "rang": 246, "adresse": "8455, rue du Pré-Laurin, Montréal, H1R3P3", "source": "MEQ", "annee_scolaire": "2025-2026", "code_organisme": "761075", "nom_organisme": "École secondaire Antoine-de-Saint-Exupéry", "code_css_cs": "761000", "nom_css_cs": "Centre de services scolaire de la Pointe-de-l'Île (761000)", "municipalite": "Montréal", "ordre_enseignement": "Secondaire", "type_cs": "Franco", "imse": 11.4666106945898, "rang_decile_imse": 9, "sfr": 13.8377544013962, "rang_decile_sfr": 10, "nombre_eleves": 2865}, "geometry": {"type": "Point", "coordinates": [-73.600261, 45.583381]}}, {"type": "Feature", "properties": {"nom": "Irma-LeVasseur", "rang": 215, "adresse": "9400, boul. Métropolitain Est, Montréal, H1K3A2", "source": "MEQ", "annee_scolaire": "2025-2026", "code_organisme": "761077", "nom_organisme": "École secondaire Irma-LeVasseur", "code_css_cs": "761000", "nom_css_cs": "Centre de services scolaire de la Pointe-de-l'Île (761000)", "municipalite": "Montréal", "ordre_enseignement": "Secondaire", "type_cs": "Franco", "imse": 10.3603386570477, "rang_decile_imse": 9, "sfr": 15.1056975360711, "rang_decile_sfr": 10, "nombre_eleves": 901}, "geometry": {"type": "Point", "coordinates": [-73.549232, 45.619462]}}, {"type": "Feature", "properties": {"nom": "Anjou", "rang": 172, "adresse": "8205, rue Fonteneau, Montréal, H1K4E1", "source": "MEQ", "annee_scolaire": "2025-2026", "code_organisme": "761078", "nom_organisme": "École secondaire Anjou", "code_css_cs": "761000", "nom_css_cs": "Centre de services scolaire de la Pointe-de-l'Île (761000)", "municipalite": "Montréal", "ordre_enseignement": "Secondaire", "type_cs": "Franco", "imse": 9.45253064039413, "rang_decile_imse": 8, "sfr": 12.887094799437, "rang_decile_sfr": 9, "nombre_eleves": 1421}, "geometry": {"type": "Point", "coordinates": [-73.54047, 45.602731]}}, {"type": "Feature", "properties": {"nom": "Jean-Grou", "rang": 112, "adresse": "12725, boul. Rodolphe-Forget, Montréal, H1E6P6", "source": "MEQ", "annee_scolaire": "2025-2026", "code_organisme": "761083", "nom_organisme": "École secondaire Jean-Grou", "code_css_cs": "761000", "nom_css_cs": "Centre de services scolaire de la Pointe-de-l'Île (761000)", "municipalite": "Montréal", "ordre_enseignement": "Secondaire", "type_cs": "Franco", "imse": 8.2528772644099, "rang_decile_imse": 7, "sfr": 7.43758831655995, "rang_decile_sfr": 8, "nombre_eleves": 1093}, "geometry": {"type": "Point", "coordinates": [-73.580862, 45.651385]}}, {"type": "Feature", "properties": {"nom": "Amos", "rang": 295, "adresse": "10748, boulevard Saint-Vital, Montréal, H1H4T3", "source": "MEQ", "annee_scolaire": "2025-2026", "code_organisme": "761089", "nom_organisme": "École secondaire Amos", "code_css_cs": "761000", "nom_css_cs": "Centre de services scolaire de la Pointe-de-l'Île (761000)", "municipalite": "Montréal", "ordre_enseignement": "Secondaire", "type_cs": "Franco", "imse": 13.0739613151365, "rang_decile_imse": 10, "sfr": 15.2808046153846, "rang_decile_sfr": 10, "nombre_eleves": 403}, "geometry": {"type": "Point", "coordinates": [-73.64271, 45.586144]}}, {"type": "Feature", "properties": {"nom": "Calixa-Lavallée", "rang": 319, "adresse": "11411, avenue Pelletier, Montréal, H1H3S3", "source": "MEQ", "annee_scolaire": "2025-2026", "code_organisme": "761090", "nom_organisme": "École secondaire Calixa-Lavallée", "code_css_cs": "761000", "nom_css_cs": "Centre de services scolaire de la Pointe-de-l'Île (761000)", "municipalite": "Montréal", "ordre_enseignement": "Secondaire", "type_cs": "Franco", "imse": 15.2661968418287, "rang_decile_imse": 10, "sfr": 18.5092935733052, "rang_decile_sfr": 10, "nombre_eleves": 1903}, "geometry": {"type": "Point", "coordinates": [-73.637102, 45.5977]}}, {"type": "Feature", "properties": {"nom": "Aux Mille-Voix", "rang": 316, "adresse": "12001, boulevard Albert-Hudon, Montréal, H1G3K3", "source": "MEQ", "annee_scolaire": "2025-2026", "code_organisme": "761091", "nom_organisme": "École secondaire aux Mille-Voix", "code_css_cs": "761000", "nom_css_cs": "Centre de services scolaire de la Pointe-de-l'Île (761000)", "municipalite": "Montréal", "ordre_enseignement": "Secondaire", "type_cs": "Franco", "imse": 14.9116063036303, "rang_decile_imse": 10, "sfr": 15.8036794939494, "rang_decile_sfr": 10, "nombre_eleves": 909}, "geometry": {"type": "Point", "coordinates": [-73.613113, 45.619309]}}, {"type": "Feature", "properties": {"nom": "Henri-Bourassa", "rang": 327, "adresse": "6051, boul. Maurice-Duplessis, Montréal, H1G1Y6", "source": "MEQ", "annee_scolaire": "2025-2026", "code_organisme": "761092", "nom_organisme": "École secondaire Henri-Bourassa", "code_css_cs": "761000", "nom_css_cs": "Centre de services scolaire de la Pointe-de-l'Île (761000)", "municipalite": "Montréal", "ordre_enseignement": "Secondaire", "type_cs": "Franco", "imse": 16.6765138498058, "rang_decile_imse": 10, "sfr": 18.1598813767803, "rang_decile_sfr": 10, "nombre_eleves": 2317}, "geometry": {"type": "Point", "coordinates": [-73.622086, 45.614269]}}, {"type": "Feature", "properties": {"nom": "Philippe-Labarre", "rang": 171, "adresse": "3125, avenue Fletcher, Montréal, H1L4E2", "source": "MEQ", "annee_scolaire": "2025-2026", "code_organisme": "762001", "nom_organisme": "École Philippe-Labarre", "code_css_cs": "762000", "nom_css_cs": "Centre de services scolaire de Montréal (762000)", "municipalite": "Montréal", "ordre_enseignement": "Préscolaire - Primaire", "type_cs": "Franco", "imse": 9.41246906849316, "rang_decile_imse": 8, "sfr": 13.9226973150685, "rang_decile_sfr": 9, "nombre_eleves": 365}, "geometry": {"type": "Point", "coordinates": [-73.523154, 45.610507]}}, {"type": "Feature", "properties": {"nom": "Armand-Lavergne", "rang": 280, "adresse": "2600, avenue Fletcher, Montréal, H1L4C5", "source": "MEQ", "annee_scolaire": "2025-2026", "code_organisme": "762002", "nom_organisme": "École Armand-Lavergne", "code_css_cs": "762000", "nom_css_cs": "Centre de services scolaire de Montréal (762000)", "municipalite": "Montréal", "ordre_enseignement": "Préscolaire - Primaire", "type_cs": "Franco", "imse": 12.5405875070028, "rang_decile_imse": 9, "sfr": 15.1440055462185, "rang_decile_sfr": 10, "nombre_eleves": 357}, "geometry": {"type": "Point", "coordinates": [-73.517466, 45.608725]}}, {"type": "Feature", "properties": {"nom": "Transitoire - Louise-Trichet", "rang": 136, "adresse": "8300, rue de Teck, Montréal, H1L1H4", "source": "MEQ", "annee_scolaire": "2025-2026", "code_organisme": "762003", "nom_organisme": "École Saint-Justin", "code_css_cs": "762000", "nom_css_cs": "Centre de services scolaire de Montréal (762000)", "municipalite": "Montréal", "ordre_enseignement": "Préscolaire - Primaire", "type_cs": "Franco", "imse": 8.68823929054056, "rang_decile_imse": 7, "sfr": 10.7403493918919, "rang_decile_sfr": 9, "nombre_eleves": 592}, "geometry": {"type": "Point", "coordinates": [-73.529841, 45.598951]}}, {"type": "Feature", "properties": {"nom": "Saint-Justin, annexe", "rang": 135, "adresse": "8805, rue de Forbin-Janson, Montréal, H1K2K5", "source": "MEQ", "annee_scolaire": "2025-2026", "code_organisme": "762003", "nom_organisme": "École Saint-Justin", "code_css_cs": "762000", "nom_css_cs": "Centre de services scolaire de Montréal (762000)", "municipalite": "Montréal", "ordre_enseignement": "Préscolaire - Primaire", "type_cs": "Franco", "imse": 8.68823929054056, "rang_decile_imse": 7, "sfr": 10.7403493918919, "rang_decile_sfr": 9, "nombre_eleves": 592}, "geometry": {"type": "Point", "coordinates": [-73.532032, 45.606259]}}, {"type": "Feature", "properties": {"nom": "Saint-Justin", "rang": 134, "adresse": "5005, rue Mousseau, Montréal, H1K2V8", "source": "MEQ", "annee_scolaire": "2025-2026", "code_organisme": "762003", "nom_organisme": "École Saint-Justin", "code_css_cs": "762000", "nom_css_cs": "Centre de services scolaire de Montréal (762000)", "municipalite": "Montréal", "ordre_enseignement": "Préscolaire - Primaire", "type_cs": "Franco", "imse": 8.68823929054056, "rang_decile_imse": 7, "sfr": 10.7403493918919, "rang_decile_sfr": 9, "nombre_eleves": 592}, "geometry": {"type": "Point", "coordinates": [-73.532635, 45.606421]}}, {"type": "Feature", "properties": {"nom": "La Vérendrye", "rang": 158, "adresse": "3055, rue Mousseau, Montréal, H1L4W1", "source": "MEQ", "annee_scolaire": "2025-2026", "code_organisme": "762005", "nom_organisme": "École La Vérendrye", "code_css_cs": "762000", "nom_css_cs": "Centre de services scolaire de Montréal (762000)", "municipalite": "Montréal", "ordre_enseignement": "Préscolaire - Primaire", "type_cs": "Franco", "imse": 9.09438622166247, "rang_decile_imse": 8, "sfr": 10.6699258438287, "rang_decile_sfr": 9, "nombre_eleves": 397}, "geometry": {"type": "Point", "coordinates": [-73.526196, 45.604522]}}, {"type": "Feature", "properties": {"nom": "Sainte-Claire, bâtiment Sainte-Claire", "rang": 223, "adresse": "8500, rue Sainte-Claire, Montréal, H1L1X7", "source": "MEQ", "annee_scolaire": "2025-2026", "code_organisme": "762009", "nom_organisme": "École Sainte-Claire", "code_css_cs": "762000", "nom_css_cs": "Centre de services scolaire de Montréal (762000)", "municipalite": "Montréal", "ordre_enseignement": "Préscolaire - Primaire", "type_cs": "Franco", "imse": 10.6203607911392, "rang_decile_imse": 9, "sfr": 10.5349456012658, "rang_decile_sfr": 9, "nombre_eleves": 316}, "geometry": {"type": "Point", "coordinates": [-73.52485, 45.600058]}}, {"type": "Feature", "properties": {"nom": "Sainte-Louise-de-Marillac, annexe", "rang": 191, "adresse": "8075, rue Hochelaga, Montréal, H1L2K9", "source": "MEQ", "annee_scolaire": "2025-2026", "code_organisme": "762010", "nom_organisme": "École Sainte-Louise-de-Marillac", "code_css_cs": "762000", "nom_css_cs": "Centre de services scolaire de Montréal (762000)", "municipalite": "Montréal", "ordre_enseignement": "Préscolaire - Primaire", "type_cs": "Franco", "imse": 9.89584926421404, "rang_decile_imse": 8, "sfr": 10.6307705016722, "rang_decile_sfr": 9, "nombre_eleves": 299}, "geometry": {"type": "Point", "coordinates": [-73.524117, 45.594793]}}, {"type": "Feature", "properties": {"nom": "Sainte-Louise-de-Marillac", "rang": 190, "adresse": "8100, rue de Marseille, Montréal, H1L1P3", "source": "MEQ", "annee_scolaire": "2025-2026", "code_organisme": "762010", "nom_organisme": "École Sainte-Louise-de-Marillac", "code_css_cs": "762000", "nom_css_cs": "Centre de services scolaire de Montréal (762000)", "municipalite": "Montréal", "ordre_enseignement": "Préscolaire - Primaire", "type_cs": "Franco", "imse": 9.89584926421404, "rang_decile_imse": 8, "sfr": 10.6307705016722, "rang_decile_sfr": 9, "nombre_eleves": 299}, "geometry": {"type": "Point", "coordinates": [-73.52931, 45.596818]}}, {"type": "Feature", "properties": {"nom": "Saint-François-d'Assise", "rang": 278, "adresse": "2150, rue Liébert, Montréal, H1L5R1", "source": "MEQ", "annee_scolaire": "2025-2026", "code_organisme": "762012", "nom_organisme": "École Saint-François-d'Assise", "code_css_cs": "762000", "nom_css_cs": "Centre de services scolaire de Montréal (762000)", "municipalite": "Montréal", "ordre_enseignement": "Préscolaire - Primaire", "type_cs": "Franco", "imse": 12.3737682082324, "rang_decile_imse": 9, "sfr": 12.7167312348669, "rang_decile_sfr": 9, "nombre_eleves": 413}, "geometry": {"type": "Point", "coordinates": [-73.518564, 45.593812]}}, {"type": "Feature", "properties": {"nom": "Boucher-De La Bruère", "rang": 78, "adresse": "7760, rue La Fontaine, Montréal, H1L3H2", "source": "MEQ", "annee_scolaire": "2025-2026", "code_organisme": "762013", "nom_organisme": "École Boucher-De La Bruère", "code_css_cs": "762000", "nom_css_cs": "Centre de services scolaire de Montréal (762000)", "municipalite": "Montréal", "ordre_enseignement": "Préscolaire - Primaire", "type_cs": "Franco", "imse": 6.94625115879831, "rang_decile_imse": 6, "sfr": 11.6684236480686, "rang_decile_sfr": 9, "nombre_eleves": 233}, "geometry": {"type": "Point", "coordinates": [-73.513173, 45.588439]}}, {"type": "Feature", "properties": {"nom": "Saint-Donat", "rang": 174, "adresse": "3155, rue Désautels, Montréal, H1N3B8", "source": "MEQ", "annee_scolaire": "2025-2026", "code_organisme": "762014", "nom_organisme": "École Saint-Donat", "code_css_cs": "762000", "nom_css_cs": "Centre de services scolaire de Montréal (762000)", "municipalite": "Montréal", "ordre_enseignement": "Préscolaire - Primaire", "type_cs": "Franco", "imse": 9.50790534954407, "rang_decile_imse": 8, "sfr": 14.0957784802432, "rang_decile_sfr": 9, "nombre_eleves": 329}, "geometry": {"type": "Point", "coordinates": [-73.539426, 45.583696]}}, {"type": "Feature", "properties": {"nom": "Saint-Donat, annexe", "rang": 175, "adresse": "3100, rue Arcand, Montréal, H1N3C7", "source": "MEQ", "annee_scolaire": "2025-2026", "code_organisme": "762014", "nom_organisme": "École Saint-Donat", "code_css_cs": "762000", "nom_css_cs": "Centre de services scolaire de Montréal (762000)", "municipalite": "Montréal", "ordre_enseignement": "Préscolaire - Primaire", "type_cs": "Franco", "imse": 9.50790534954407, "rang_decile_imse": 8, "sfr": 14.0957784802432, "rang_decile_sfr": 9, "nombre_eleves": 329}, "geometry": {"type": "Point", "coordinates": [-73.539187, 45.584074]}}, {"type": "Feature", "properties": {"nom": "Marie-Anne, annexe Rosalie-Jetté", "rang": 15, "adresse": "5100, rue Bossuet, Montréal, H1M2M4", "source": "MEQ", "annee_scolaire": "2025-2026", "code_organisme": "762015", "nom_organisme": "École Saint-Fabien", "code_css_cs": "762000", "nom_css_cs": "Centre de services scolaire de Montréal (762000)", "municipalite": "Montréal", "ordre_enseignement": "Préscolaire - Primaire", "type_cs": "Franco", "imse": 4.23656718676122, "rang_decile_imse": 3, "sfr": 10.9969128368794, "rang_decile_sfr": 9, "nombre_eleves": 423}, "geometry": {"type": "Point", "coordinates": [-73.551805, 45.577414]}}, {"type": "Feature", "properties": {"nom": "Saint-Fabien", "rang": 16, "adresse": "6500, avenue de Renty, Montréal, H1M1M4", "source": "MEQ", "annee_scolaire": "2025-2026", "code_organisme": "762015", "nom_organisme": "École Saint-Fabien", "code_css_cs": "762000", "nom_css_cs": "Centre de services scolaire de Montréal (762000)", "municipalite": "Montréal", "ordre_enseignement": "Préscolaire - Primaire", "type_cs": "Franco", "imse": 4.23656718676122, "rang_decile_imse": 3, "sfr": 10.9969128368794, "rang_decile_sfr": 9, "nombre_eleves": 423}, "geometry": {"type": "Point", "coordinates": [-73.550176, 45.583201]}}, {"type": "Feature", "properties": {"nom": "Louis-Dupire", "rang": 270, "adresse": "6400, av. Pierre-De Coubertin, Montréal, H1N1S4", "source": "MEQ", "annee_scolaire": "2025-2026", "code_organisme": "762017", "nom_organisme": "École Louis-Dupire", "code_css_cs": "762000", "nom_css_cs": "Centre de services scolaire de Montréal (762000)", "municipalite": "Montréal", "ordre_enseignement": "Préscolaire - Primaire", "type_cs": "Franco", "imse": 12.2654716386554, "rang_decile_imse": 9, "sfr": 16.1455061344538, "rang_decile_sfr": 10, "nombre_eleves": 476}, "geometry": {"type": "Point", "coordinates": [-73.535646, 45.576505]}}, {"type": "Feature", "properties": {"nom": "Guillaume-Couture", "rang": 107, "adresse": "6300, avenue Albani, Montréal, H1M2R8", "source": "MEQ", "annee_scolaire": "2025-2026", "code_organisme": "762019", "nom_organisme": "École Guillaume-Couture", "code_css_cs": "762000", "nom_css_cs": "Centre de services scolaire de Montréal (762000)", "municipalite": "Montréal", "ordre_enseignement": "Préscolaire - Primaire", "type_cs": "Franco", "imse": 8.06734740406321, "rang_decile_imse": 7, "sfr": 12.414574537246, "rang_decile_sfr": 9, "nombre_eleves": 443}, "geometry": {"type": "Point", "coordinates": [-73.560927, 45.583651]}}, {"type": "Feature", "properties": {"nom": "Notre-Dame-des-Victoires", "rang": 200, "adresse": "2720, rue Bossuet, Montréal, H1N2S6", "source": "MEQ", "annee_scolaire": "2025-2026", "code_organisme": "762022", "nom_organisme": "École Notre-Dame-des-Victoires", "code_css_cs": "762000", "nom_css_cs": "Centre de services scolaire de Montréal (762000)", "municipalite": "Montréal", "ordre_enseignement": "Préscolaire - Primaire", "type_cs": "Franco", "imse": 9.98721538775508, "rang_decile_imse": 8, "sfr": 14.1449913877552, "rang_decile_sfr": 9, "nombre_eleves": 490}, "geometry": {"type": "Point", "coordinates": [-73.539205, 45.573508]}}, {"type": "Feature", "properties": {"nom": "Notre-Dame-Des-Victoires, annexe", "rang": 201, "adresse": "6120, rue La Fontaine, Montréal, H1N2C1", "source": "MEQ", "annee_scolaire": "2025-2026", "code_organisme": "762022", "nom_organisme": "École Notre-Dame-des-Victoires", "code_css_cs": "762000", "nom_css_cs": "Centre de services scolaire de Montréal (762000)", "municipalite": "Montréal", "ordre_enseignement": "Préscolaire - Primaire", "type_cs": "Franco", "imse": 9.98721538775508, "rang_decile_imse": 8, "sfr": 14.1449913877552, "rang_decile_sfr": 9, "nombre_eleves": 490}, "geometry": {"type": "Point", "coordinates": [-73.523995, 45.571132]}}, {"type": "Feature", "properties": {"nom": "Alphonse-Desjardins", "rang": 117, "adresse": "6600, rue Lemay, Montréal, H1T2L7", "source": "MEQ", "annee_scolaire": "2025-2026", "code_organisme": "762023", "nom_organisme": "École Alphonse-Desjardins", "code_css_cs": "762000", "nom_css_cs": "Centre de services scolaire de Montréal (762000)", "municipalite": "Montréal", "ordre_enseignement": "Préscolaire - Primaire", "type_cs": "Franco", "imse": 8.31887123966943, "rang_decile_imse": 7, "sfr": 12.2985321763085, "rang_decile_sfr": 9, "nombre_eleves": 363}, "geometry": {"type": "Point", "coordinates": [-73.570107, 45.57736]}}, {"type": "Feature", "properties": {"nom": "Alphonse-Desjardins, annexe temp.", "rang": 118, "adresse": "6650, 39e Avenue, Montréal, H1T2W8", "source": "MEQ", "annee_scolaire": "2025-2026", "code_organisme": "762023", "nom_organisme": "École Alphonse-Desjardins", "code_css_cs": "762000", "nom_css_cs": "Centre de services scolaire de Montréal (762000)", "municipalite": "Montréal", "ordre_enseignement": "Préscolaire - Primaire", "type_cs": "Franco", "imse": 8.31887123966943, "rang_decile_imse": 7, "sfr": 12.2985321763085, "rang_decile_sfr": 9, "nombre_eleves": 363}, "geometry": {"type": "Point", "coordinates": [-73.573675, 45.572923]}}, {"type": "Feature", "properties": {"nom": "Notre-Dame-du-Foyer", "rang": 57, "adresse": "5955, 41e Avenue, Montréal, H1T2T7", "source": "MEQ", "annee_scolaire": "2025-2026", "code_organisme": "762024", "nom_organisme": "École Notre-Dame-du-Foyer", "code_css_cs": "762000", "nom_css_cs": "Centre de services scolaire de Montréal (762000)", "municipalite": "Montréal", "ordre_enseignement": "Préscolaire - Primaire", "type_cs": "Franco", "imse": 6.13305803921567, "rang_decile_imse": 5, "sfr": 11.4656225490197, "rang_decile_sfr": 9, "nombre_eleves": 408}, "geometry": {"type": "Point", "coordinates": [-73.565067, 45.572383]}}, {"type": "Feature", "properties": {"nom": "Saint-Clément", "rang": 235, "adresse": "4770, rue La Fontaine, Montréal, H1V1R3", "source": "MEQ", "annee_scolaire": "2025-2026", "code_organisme": "762025", "nom_organisme": "École Saint-Clément", "code_css_cs": "762000", "nom_css_cs": "Centre de services scolaire de Montréal (762000)", "municipalite": "Montréal", "ordre_enseignement": "Préscolaire - Primaire", "type_cs": "Franco", "imse": 11.0005661231884, "rang_decile_imse": 9, "sfr": 18.0801444927537, "rang_decile_sfr": 10, "nombre_eleves": 276}, "geometry": {"type": "Point", "coordinates": [-73.533936, 45.556444]}}, {"type": "Feature", "properties": {"nom": "Maisonneuve", "rang": 236, "adresse": "1680, avenue Morgan, Montréal, H1V2P9", "source": "MEQ", "annee_scolaire": "2025-2026", "code_organisme": "762028", "nom_organisme": "École Maisonneuve", "code_css_cs": "762000", "nom_css_cs": "Centre de services scolaire de Montréal (762000)", "municipalite": "Montréal", "ordre_enseignement": "Préscolaire - Primaire", "type_cs": "Franco", "imse": 11.1411565865385, "rang_decile_imse": 9, "sfr": 14.7045572115384, "rang_decile_sfr": 10, "nombre_eleves": 208}, "geometry": {"type": "Point", "coordinates": [-73.536483, 45.552124]}}, {"type": "Feature", "properties": {"nom": "Des Monarques, édifice Marie-Rollet", "rang": 108, "adresse": "4315, rue Beaubien Est, Montréal, H1T1S8", "source": "MEQ", "annee_scolaire": "2025-2026", "code_organisme": "762029", "nom_organisme": "École des Monarques", "code_css_cs": "762000", "nom_css_cs": "Centre de services scolaire de Montréal (762000)", "municipalite": "Montréal", "ordre_enseignement": "Préscolaire - Primaire", "type_cs": "Franco", "imse": 8.0840256498195, "rang_decile_imse": 7, "sfr": 11.0656192057762, "rang_decile_sfr": 9, "nombre_eleves": 554}, "geometry": {"type": "Point", "coordinates": [-73.578342, 45.564769]}}, {"type": "Feature", "properties": {"nom": "Des Monarques, édifice Saint-Jean-Vianney", "rang": 109, "adresse": "6455, 27e Avenue, Montréal, H1T3J8", "source": "MEQ", "annee_scolaire": "2025-2026", "code_organisme": "762029", "nom_organisme": "École des Monarques", "code_css_cs": "762000", "nom_css_cs": "Centre de services scolaire de Montréal (762000)", "municipalite": "Montréal", "ordre_enseignement": "Primaire", "type_cs": "Franco", "imse": 8.0840256498195, "rang_decile_imse": 7, "sfr": 11.0656192057762, "rang_decile_sfr": 9, "nombre_eleves": 554}, "geometry": {"type": "Point", "coordinates": [-73.575808, 45.565408]}}, {"type": "Feature", "properties": {"nom": "Transitoire - Des Monarques, annexe 36e Avenue", "rang": 110, "adresse": "6755, 36e Avenue, Montréal, H1T2Z9", "source": "MEQ", "annee_scolaire": "2025-2026", "code_organisme": "762029", "nom_organisme": "École des Monarques", "code_css_cs": "762000", "nom_css_cs": "Centre de services scolaire de Montréal (762000)", "municipalite": "Montréal", "ordre_enseignement": "Préscolaire - Primaire", "type_cs": "Franco", "imse": 8.0840256498195, "rang_decile_imse": 7, "sfr": 11.0656192057762, "rang_decile_sfr": 9, "nombre_eleves": 554}, "geometry": {"type": "Point", "coordinates": [-73.577383, 45.572329]}}, {"type": "Feature", "properties": {"nom": "Saint-Jean-Baptiste-de-la-Salle", "rang": 194, "adresse": "2355, boulevard Pie IX, Montréal, H1V2E6", "source": "MEQ", "annee_scolaire": "2025-2026", "code_organisme": "762032", "nom_organisme": "École Saint-Jean-Baptiste-de-la-Salle", "code_css_cs": "762000", "nom_css_cs": "Centre de services scolaire de Montréal (762000)", "municipalite": "Montréal", "ordre_enseignement": "Préscolaire - Primaire", "type_cs": "Franco", "imse": 9.91564866141732, "rang_decile_imse": 8, "sfr": 14.6753000393701, "rang_decile_sfr": 10, "nombre_eleves": 254}, "geometry": {"type": "Point", "coordinates": [-73.546325, 45.552133]}}, {"type": "Feature", "properties": {"nom": "Saint-Nom-de-Jésus", "rang": 296, "adresse": "4131, rue Adam, Montréal, H1V1S8", "source": "MEQ", "annee_scolaire": "2025-2026", "code_organisme": "762033", "nom_organisme": "École Saint-Nom-de-Jésus", "code_css_cs": "762000", "nom_css_cs": "Centre de services scolaire de Montréal (762000)", "municipalite": "Montréal", "ordre_enseignement": "Préscolaire - Primaire", "type_cs": "Franco", "imse": 13.1202541780822, "rang_decile_imse": 10, "sfr": 13.3789120547945, "rang_decile_sfr": 9, "nombre_eleves": 292}, "geometry": {"type": "Point", "coordinates": [-73.537271, 45.549298]}}, {"type": "Feature", "properties": {"nom": "Bienville", "rang": 348, "adresse": "9275, 25e Avenue, Montréal, H1Z4E2", "source": "MEQ", "annee_scolaire": "2025-2026", "code_organisme": "762034", "nom_organisme": "École Bienville", "code_css_cs": "762000", "nom_css_cs": "Centre de services scolaire de Montréal (762000)", "municipalite": "Montréal", "ordre_enseignement": "Préscolaire - Primaire", "type_cs": "Franco", "imse": 24.523894301676, "rang_decile_imse": 10, "sfr": 29.928927849162, "rang_decile_sfr": 10, "nombre_eleves": 358}, "geometry": {"type": "Point", "coordinates": [-73.622568, 45.583345]}}, {"type": "Feature", "properties": {"nom": "Sainte-Jeanne-d'Arc", "rang": 175, "adresse": "3700, rue Sherbrooke Est, Montréal, H1X1Z8", "source": "MEQ", "annee_scolaire": "2025-2026", "code_organisme": "762035", "nom_organisme": "École Sainte-Jeanne-d'Arc", "code_css_cs": "762000", "nom_css_cs": "Centre de services scolaire de Montréal (762000)", "municipalite": "Montréal", "ordre_enseignement": "Préscolaire - Primaire", "type_cs": "Franco", "imse": 9.51405723776225, "rang_decile_imse": 8, "sfr": 14.6329528671329, "rang_decile_sfr": 10, "nombre_eleves": 286}, "geometry": {"type": "Point", "coordinates": [-73.554425, 45.54919]}}, {"type": "Feature", "properties": {"nom": "Saint-Noël-Chabanel, pavillon des Bâtisseurs", "rang": 348, "adresse": "8801, 25e Avenue, Montréal, H1Z4B4", "source": "MEQ", "annee_scolaire": "2025-2026", "code_organisme": "762036", "nom_organisme": "École Saint-Noël-Chabanel, pavillon des Bâtisseurs", "code_css_cs": "762000", "nom_css_cs": "Centre de services scolaire de Montréal (762000)", "municipalite": "Montréal", "ordre_enseignement": "Primaire", "type_cs": "Franco", "imse": 24.7326399578059, "rang_decile_imse": 10, "sfr": 29.1883267791841, "rang_decile_sfr": 10, "nombre_eleves": 711}, "geometry": {"type": "Point", "coordinates": [-73.613307, 45.579079]}}, {"type": "Feature", "properties": {"nom": "Saint-Noël-Chabanel, pavillon des Découvreurs", "rang": 349, "adresse": "8777, 24e Avenue, Montréal, H1Z3Z8", "source": "MEQ", "annee_scolaire": "2025-2026", "code_organisme": "762036", "nom_organisme": "École Saint-Noël-Chabanel, pavillon des Bâtisseurs", "code_css_cs": "762000", "nom_css_cs": "Centre de services scolaire de Montréal (762000)", "municipalite": "Montréal", "ordre_enseignement": "Préscolaire - Primaire", "type_cs": "Franco", "imse": 24.7326399578059, "rang_decile_imse": 10, "sfr": 29.1883267791841, "rang_decile_sfr": 10, "nombre_eleves": 711}, "geometry": {"type": "Point", "coordinates": [-73.613905, 45.578404]}}, {"type": "Feature", "properties": {"nom": "Transitoire - Saint-Noël-Chabanel, pav. Bâtisseurs", "rang": 350, "adresse": "4121, 42e Rue, Montréal, H1Z1R8", "source": "MEQ", "annee_scolaire": "2025-2026", "code_organisme": "762036", "nom_organisme": "École Saint-Noël-Chabanel, pavillon des Bâtisseurs", "code_css_cs": "762000", "nom_css_cs": "Centre de services scolaire de Montréal (762000)", "municipalite": "Montréal", "ordre_enseignement": "Primaire", "type_cs": "Franco", "imse": 24.7326399578059, "rang_decile_imse": 10, "sfr": 29.1883267791841, "rang_decile_sfr": 10, "nombre_eleves": 711}, "geometry": {"type": "Point", "coordinates": [-73.6185, 45.579403]}}, {"type": "Feature", "properties": {"nom": "Léonard-De Vinci, annexe", "rang": 340, "adresse": "7630, 22e Avenue, Montréal, H2A2H9", "source": "MEQ", "annee_scolaire": "2025-2026", "code_organisme": "762039", "nom_organisme": "École Léonard-De Vinci", "code_css_cs": "762000", "nom_css_cs": "Centre de services scolaire de Montréal (762000)", "municipalite": "Montréal", "ordre_enseignement": "Préscolaire - Primaire", "type_cs": "Franco", "imse": 20.7419131034483, "rang_decile_imse": 10, "sfr": 20.1689363546799, "rang_decile_sfr": 10, "nombre_eleves": 406}, "geometry": {"type": "Point", "coordinates": [-73.599168, 45.568792]}}, {"type": "Feature", "properties": {"nom": "Léonard-De Vinci", "rang": 339, "adresse": "7575, 19e Avenue, Montréal, H2A2M2", "source": "MEQ", "annee_scolaire": "2025-2026", "code_organisme": "762039", "nom_organisme": "École Léonard-De Vinci", "code_css_cs": "762000", "nom_css_cs": "Centre de services scolaire de Montréal (762000)", "municipalite": "Montréal", "ordre_enseignement": "Primaire", "type_cs": "Franco", "imse": 20.7419131034483, "rang_decile_imse": 10, "sfr": 20.1689363546799, "rang_decile_sfr": 10, "nombre_eleves": 406}, "geometry": {"type": "Point", "coordinates": [-73.599253, 45.567415]}}, {"type": "Feature", "properties": {"nom": "Saint-Albert-le-Grand", "rang": 169, "adresse": "5050, 18e Avenue, Montréal, H1X2N9", "source": "MEQ", "annee_scolaire": "2025-2026", "code_organisme": "762040", "nom_organisme": "École Saint-Albert-le-Grand", "code_css_cs": "762000", "nom_css_cs": "Centre de services scolaire de Montréal (762000)", "municipalite": "Montréal", "ordre_enseignement": "Préscolaire - Primaire", "type_cs": "Franco", "imse": 9.28794115015974, "rang_decile_imse": 8, "sfr": 11.9473406389776, "rang_decile_sfr": 9, "nombre_eleves": 313}, "geometry": {"type": "Point", "coordinates": [-73.565787, 45.554239]}}, {"type": "Feature", "properties": {"nom": "Baril", "rang": 321, "adresse": "3603, rue Adam, Montréal, H1W1Z1", "source": "MEQ", "annee_scolaire": "2025-2026", "code_organisme": "762041", "nom_organisme": "École Baril", "code_css_cs": "762000", "nom_css_cs": "Centre de services scolaire de Montréal (762000)", "municipalite": "Montréal", "ordre_enseignement": "Préscolaire - Primaire", "type_cs": "Franco", "imse": 15.5184573652695, "rang_decile_imse": 10, "sfr": 16.4111451796407, "rang_decile_sfr": 10, "nombre_eleves": 334}, "geometry": {"type": "Point", "coordinates": [-73.541316, 45.544222]}}, {"type": "Feature", "properties": {"nom": "Sainte-Bernadette-Soubirous", "rang": 282, "adresse": "6855, 16e Avenue, Montréal, H1X2T5", "source": "MEQ", "annee_scolaire": "2025-2026", "code_organisme": "762043", "nom_organisme": "École Sainte-Bernadette-Soubirous", "code_css_cs": "762000", "nom_css_cs": "Centre de services scolaire de Montréal (762000)", "municipalite": "Montréal", "ordre_enseignement": "Préscolaire - Primaire", "type_cs": "Franco", "imse": 12.6236267811935, "rang_decile_imse": 9, "sfr": 17.0888309945751, "rang_decile_sfr": 10, "nombre_eleves": 553}, "geometry": {"type": "Point", "coordinates": [-73.5888, 45.560485]}}, {"type": "Feature", "properties": {"nom": "Saint-François-Solano", "rang": 133, "adresse": "3580, rue Dandurand, Montréal, H1X1N6", "source": "MEQ", "annee_scolaire": "2025-2026", "code_organisme": "762044", "nom_organisme": "École Saint-François-Solano", "code_css_cs": "762000", "nom_css_cs": "Centre de services scolaire de Montréal (762000)", "municipalite": "Montréal", "ordre_enseignement": "Préscolaire - Primaire", "type_cs": "Franco", "imse": 8.67981547911548, "rang_decile_imse": 7, "sfr": 9.96678820638824, "rang_decile_sfr": 8, "nombre_eleves": 407}, "geometry": {"type": "Point", "coordinates": [-73.573464, 45.554914]}}, {"type": "Feature", "properties": {"nom": "Sainte-Bibiane", "rang": 47, "adresse": "5755, 13e Avenue, Montréal, H1X2Y3", "source": "MEQ", "annee_scolaire": "2025-2026", "code_organisme": "762045", "nom_organisme": "École Sainte-Bibiane", "code_css_cs": "762000", "nom_css_cs": "Centre de services scolaire de Montréal (762000)", "municipalite": "Montréal", "ordre_enseignement": "Préscolaire - Primaire", "type_cs": "Franco", "imse": 5.88461028846153, "rang_decile_imse": 5, "sfr": 8.41917956730769, "rang_decile_sfr": 8, "nombre_eleves": 208}, "geometry": {"type": "Point", "coordinates": [-73.577469, 45.554023]}}, {"type": "Feature", "properties": {"nom": "Rose-des-Vents", "rang": 80, "adresse": "3000, rue Beaubien Est, Montréal, H1Y1H2", "source": "MEQ", "annee_scolaire": "2025-2026", "code_organisme": "762046", "nom_organisme": "École Rose-des-Vents", "code_css_cs": "762000", "nom_css_cs": "Centre de services scolaire de Montréal (762000)", "municipalite": "Montréal", "ordre_enseignement": "Préscolaire - Primaire", "type_cs": "Franco", "imse": 7.01976807407407, "rang_decile_imse": 6, "sfr": 11.6751437777778, "rang_decile_sfr": 9, "nombre_eleves": 135}, "geometry": {"type": "Point", "coordinates": [-73.587522, 45.552493]}}, {"type": "Feature", "properties": {"nom": "Saint-Émile", "rang": 13, "adresse": "3450, rue Davidson, Montréal, H1W2Z5", "source": "MEQ", "annee_scolaire": "2025-2026", "code_organisme": "762048", "nom_organisme": "École Saint-Émile", "code_css_cs": "762000", "nom_css_cs": "Centre de services scolaire de Montréal (762000)", "municipalite": "Montréal", "ordre_enseignement": "Préscolaire - Primaire", "type_cs": "Franco", "imse": 4.02332795238095, "rang_decile_imse": 3, "sfr": 8.24093976190477, "rang_decile_sfr": 8, "nombre_eleves": 210}, "geometry": {"type": "Point", "coordinates": [-73.557737, 45.545986]}}, {"type": "Feature", "properties": {"nom": "Notre-Dame-de-l'Assomption", "rang": 119, "adresse": "2430, rue Darling, Montréal, H1W2X1", "source": "MEQ", "annee_scolaire": "2025-2026", "code_organisme": "762049", "nom_organisme": "École Notre-Dame-de-l'Assomption", "code_css_cs": "762000", "nom_css_cs": "Centre de services scolaire de Montréal (762000)", "municipalite": "Montréal", "ordre_enseignement": "Préscolaire - Primaire", "type_cs": "Franco", "imse": 8.34309839080461, "rang_decile_imse": 7, "sfr": 11.9762955172414, "rang_decile_sfr": 9, "nombre_eleves": 174}, "geometry": {"type": "Point", "coordinates": [-73.552202, 45.543799]}}, {"type": "Feature", "properties": {"nom": "Saint-Antoine-Marie-Claret", "rang": 204, "adresse": "10600, avenue Larose, Montréal, H2B2Z3", "source": "MEQ", "annee_scolaire": "2025-2026", "code_organisme": "762051", "nom_organisme": "École Saint-Antoine-Marie-Claret", "code_css_cs": "762000", "nom_css_cs": "Centre de services scolaire de Montréal (762000)", "municipalite": "Montréal", "ordre_enseignement": "Préscolaire - Primaire", "type_cs": "Franco", "imse": 10.1616608712121, "rang_decile_imse": 8, "sfr": 14.9070232575758, "rang_decile_sfr": 10, "nombre_eleves": 264}, "geometry": {"type": "Point", "coordinates": [-73.649712, 45.57961]}}, {"type": "Feature", "properties": {"nom": "Atelier", "rang": 183, "adresse": "10055,rue Jean-Jacques-Gagnier, Montréal, H2B2Z7", "source": "MEQ", "annee_scolaire": "2025-2026", "code_organisme": "762053", "nom_organisme": "École Atelier", "code_css_cs": "762000", "nom_css_cs": "Centre de services scolaire de Montréal (762000)", "municipalite": "Montréal", "ordre_enseignement": "Préscolaire - Primaire", "type_cs": "Franco", "imse": 9.68949118279569, "rang_decile_imse": 8, "sfr": 13.1028746236559, "rang_decile_sfr": 9, "nombre_eleves": 279}, "geometry": {"type": "Point", "coordinates": [-73.641067, 45.577477]}}, {"type": "Feature", "properties": {"nom": "Sainte-Lucie", "rang": 343, "adresse": "8901, boulevard Saint-Michel, Montréal, H1Z3G3", "source": "MEQ", "annee_scolaire": "2025-2026", "code_organisme": "762054", "nom_organisme": "École Sainte-Lucie", "code_css_cs": "762000", "nom_css_cs": "Centre de services scolaire de Montréal (762000)", "municipalite": "Montréal", "ordre_enseignement": "Préscolaire - Primaire", "type_cs": "Franco", "imse": 22.3219562146891, "rang_decile_imse": 10, "sfr": 20.9028372033899, "rang_decile_sfr": 10, "nombre_eleves": 354}, "geometry": {"type": "Point", "coordinates": [-73.625349, 45.570961]}}, {"type": "Feature", "properties": {"nom": "Montcalm", "rang": 344, "adresse": "8800, 12e Avenue, Montréal, H1Z3J3", "source": "MEQ", "annee_scolaire": "2025-2026", "code_organisme": "762055", "nom_organisme": "École Montcalm", "code_css_cs": "762000", "nom_css_cs": "Centre de services scolaire de Montréal (762000)", "municipalite": "Montréal", "ordre_enseignement": "Préscolaire - Primaire", "type_cs": "Franco", "imse": 22.5538293145162, "rang_decile_imse": 10, "sfr": 19.7493273387097, "rang_decile_sfr": 10, "nombre_eleves": 248}, "geometry": {"type": "Point", "coordinates": [-73.62246, 45.569899]}}, {"type": "Feature", "properties": {"nom": "Sans-Frontières", "rang": 96, "adresse": "5937, 9e Avenue, Montréal, H1Y2K4", "source": "MEQ", "annee_scolaire": "2025-2026", "code_organisme": "762056", "nom_organisme": "École Sans-Frontières", "code_css_cs": "762000", "nom_css_cs": "Centre de services scolaire de Montréal (762000)", "municipalite": "Montréal", "ordre_enseignement": "Préscolaire - Primaire", "type_cs": "Franco", "imse": 7.72759238493723, "rang_decile_imse": 7, "sfr": 11.9397443096234, "rang_decile_sfr": 9, "nombre_eleves": 239}, "geometry": {"type": "Point", "coordinates": [-73.582464, 45.552628]}}, {"type": "Feature", "properties": {"nom": "Saint-Jean-de-la-Lande", "rang": 5, "adresse": "3120, avenue Laurier Est, Montréal, H1Y1Z6", "source": "MEQ", "annee_scolaire": "2025-2026", "code_organisme": "762058", "nom_organisme": "École Saint-Jean-de-la-Lande", "code_css_cs": "762000", "nom_css_cs": "Centre de services scolaire de Montréal (762000)", "municipalite": "Montréal", "ordre_enseignement": "Préscolaire - Primaire", "type_cs": "Franco", "imse": 2.98807912472648, "rang_decile_imse": 2, "sfr": 8.6928296280088, "rang_decile_sfr": 8, "nombre_eleves": 457}, "geometry": {"type": "Point", "coordinates": [-73.570134, 45.548119]}}, {"type": "Feature", "properties": {"nom": "Saint-Jean-de-la-Lande, annexe", "rang": 6, "adresse": "5095, 9e Avenue, Montréal, H1Y2J3", "source": "MEQ", "annee_scolaire": "2025-2026", "code_organisme": "762058", "nom_organisme": "École Saint-Jean-de-la-Lande", "code_css_cs": "762000", "nom_css_cs": "Centre de services scolaire de Montréal (762000)", "municipalite": "Montréal", "ordre_enseignement": "Préscolaire - Primaire", "type_cs": "Franco", "imse": 2.98807912472648, "rang_decile_imse": 2, "sfr": 8.6928296280088, "rang_decile_sfr": 8, "nombre_eleves": 457}, "geometry": {"type": "Point", "coordinates": [-73.569689, 45.548821]}}, {"type": "Feature", "properties": {"nom": "Saint-Jean-de-la-Lande, annexe temporaire", "rang": 7, "adresse": "5015, 9e Avenue, Montréal, H1Y2J3", "source": "MEQ", "annee_scolaire": "2025-2026", "code_organisme": "762058", "nom_organisme": "École Saint-Jean-de-la-Lande", "code_css_cs": "762000", "nom_css_cs": "Centre de services scolaire de Montréal (762000)", "municipalite": "Montréal", "ordre_enseignement": "Primaire", "type_cs": "Franco", "imse": 2.98807912472648, "rang_decile_imse": 2, "sfr": 8.6928296280088, "rang_decile_sfr": 8, "nombre_eleves": 457}, "geometry": {"type": "Point", "coordinates": [-73.569689, 45.548821]}}, {"type": "Feature", "properties": {"nom": "Marie-Rivier, pavillon Legendre", "rang": 338, "adresse": "9066, 8e Avenue, Montréal, H1Z2Y5", "source": "MEQ", "annee_scolaire": "2025-2026", "code_organisme": "762059", "nom_organisme": "École Marie-Rivier, pavillon Louvain", "code_css_cs": "762000", "nom_css_cs": "Centre de services scolaire de Montréal (762000)", "municipalite": "Montréal", "ordre_enseignement": "Primaire", "type_cs": "Franco", "imse": 20.3729728159645, "rang_decile_imse": 10, "sfr": 17.3508068736142, "rang_decile_sfr": 10, "nombre_eleves": 451}, "geometry": {"type": "Point", "coordinates": [-73.629867, 45.570088]}}, {"type": "Feature", "properties": {"nom": "Marie-Rivier, pavillon Louvain", "rang": 339, "adresse": "9200, 8e Avenue, Montréal, H1Z2Y5", "source": "MEQ", "annee_scolaire": "2025-2026", "code_organisme": "762059", "nom_organisme": "École Marie-Rivier, pavillon Louvain", "code_css_cs": "762000", "nom_css_cs": "Centre de services scolaire de Montréal (762000)", "municipalite": "Montréal", "ordre_enseignement": "Préscolaire - Primaire", "type_cs": "Franco", "imse": 20.3729728159645, "rang_decile_imse": 10, "sfr": 17.3508068736142, "rang_decile_sfr": 10, "nombre_eleves": 451}, "geometry": {"type": "Point", "coordinates": [-73.631275, 45.570709]}}, {"type": "Feature", "properties": {"nom": "Saint-Bernardin", "rang": 341, "adresse": "2950, rue Jarry Est, Montréal, H1Z2C8", "source": "MEQ", "annee_scolaire": "2025-2026", "code_organisme": "762061", "nom_organisme": "École Saint-Bernardin", "code_css_cs": "762000", "nom_css_cs": "Centre de services scolaire de Montréal (762000)", "municipalite": "Montréal", "ordre_enseignement": "Préscolaire - Primaire", "type_cs": "Franco", "imse": 20.8434961842105, "rang_decile_imse": 10, "sfr": 16.9147798903509, "rang_decile_sfr": 10, "nombre_eleves": 456}, "geometry": {"type": "Point", "coordinates": [-73.610823, 45.561313]}}, {"type": "Feature", "properties": {"nom": "Saint-Bernardin, annexe", "rang": 342, "adresse": "7900, 8e Avenue, Montréal, H1Z2V9", "source": "MEQ", "annee_scolaire": "2025-2026", "code_organisme": "762061", "nom_organisme": "École Saint-Bernardin", "code_css_cs": "762000", "nom_css_cs": "Centre de services scolaire de Montréal (762000)", "municipalite": "Montréal", "ordre_enseignement": "Préscolaire - Primaire", "type_cs": "Franco", "imse": 20.8434961842105, "rang_decile_imse": 10, "sfr": 16.9147798903509, "rang_decile_sfr": 10, "nombre_eleves": 456}, "geometry": {"type": "Point", "coordinates": [-73.609693, 45.560809]}}, {"type": "Feature", "properties": {"nom": "Saint-Mathieu, annexe", "rang": 288, "adresse": "7110, 8e Avenue, Montréal, H2A3C4", "source": "MEQ", "annee_scolaire": "2025-2026", "code_organisme": "762063", "nom_organisme": "École Saint-Mathieu", "code_css_cs": "762000", "nom_css_cs": "Centre de services scolaire de Montréal (762000)", "municipalite": "Montréal", "ordre_enseignement": "Préscolaire - Primaire", "type_cs": "Franco", "imse": 12.8085784469697, "rang_decile_imse": 10, "sfr": 14.0208427651515, "rang_decile_sfr": 9, "nombre_eleves": 264}, "geometry": {"type": "Point", "coordinates": [-73.598259, 45.556021]}}, {"type": "Feature", "properties": {"nom": "Saint-Mathieu", "rang": 288, "adresse": "7230, 8e Avenue, Montréal, H2A3C7", "source": "MEQ", "annee_scolaire": "2025-2026", "code_organisme": "762063", "nom_organisme": "École Saint-Mathieu", "code_css_cs": "762000", "nom_css_cs": "Centre de services scolaire de Montréal (762000)", "municipalite": "Montréal", "ordre_enseignement": "Préscolaire - Primaire", "type_cs": "Franco", "imse": 12.8085784469697, "rang_decile_imse": 10, "sfr": 14.0208427651515, "rang_decile_sfr": 9, "nombre_eleves": 264}, "geometry": {"type": "Point", "coordinates": [-73.600414, 45.556957]}}, {"type": "Feature", "properties": {"nom": "FACE, primaire", "rang": 25, "adresse": "4835, avenue Christophe-Colomb, Montréal, H2J3G8", "source": "MEQ", "annee_scolaire": "2025-2026", "code_organisme": "762064", "nom_organisme": "École Saint-Jean-de-Brébeuf", "code_css_cs": "762000", "nom_css_cs": "Centre de services scolaire de Montréal (762000)", "municipalite": "Montréal", "ordre_enseignement": "Préscolaire - Primaire", "type_cs": "Franco", "imse": 4.74842599999998, "rang_decile_imse": 3, "sfr": 11.3211004912281, "rang_decile_sfr": 9, "nombre_eleves": 285}, "geometry": {"type": "Point", "coordinates": [-73.583171, 45.530137]}}, {"type": "Feature", "properties": {"nom": "Saint-Jean-de-Brébeuf", "rang": 25, "adresse": "2870, rue Dandurand, Montréal, H1Y1T5", "source": "MEQ", "annee_scolaire": "2025-2026", "code_organisme": "762064", "nom_organisme": "École Saint-Jean-de-Brébeuf", "code_css_cs": "762000", "nom_css_cs": "Centre de services scolaire de Montréal (762000)", "municipalite": "Montréal", "ordre_enseignement": "Préscolaire - Primaire", "type_cs": "Franco", "imse": 4.74842599999998, "rang_decile_imse": 3, "sfr": 11.3211004912281, "rang_decile_sfr": 9, "nombre_eleves": 285}, "geometry": {"type": "Point", "coordinates": [-73.577528, 45.548596]}}, {"type": "Feature", "properties": {"nom": "Saint-Marc", "rang": 28, "adresse": "6365, 1re Avenue, Montréal, H1Y3A9", "source": "MEQ", "annee_scolaire": "2025-2026", "code_organisme": "762065", "nom_organisme": "École Saint-Marc", "code_css_cs": "762000", "nom_css_cs": "Centre de services scolaire de Montréal (762000)", "municipalite": "Montréal", "ordre_enseignement": "Préscolaire - Primaire", "type_cs": "Franco", "imse": 5.08130002320185, "rang_decile_imse": 4, "sfr": 9.32605426914154, "rang_decile_sfr": 8, "nombre_eleves": 431}, "geometry": {"type": "Point", "coordinates": [-73.588593, 45.549973]}}, {"type": "Feature", "properties": {"nom": "Saint-Anselme", "rang": 228, "adresse": "2743, rue De Rouen, Montréal, H2K1N2", "source": "MEQ", "annee_scolaire": "2025-2026", "code_organisme": "762068", "nom_organisme": "École Saint-Anselme", "code_css_cs": "762000", "nom_css_cs": "Centre de services scolaire de Montréal (762000)", "municipalite": "Montréal", "ordre_enseignement": "Préscolaire - Primaire", "type_cs": "Franco", "imse": 10.8929479057592, "rang_decile_imse": 9, "sfr": 14.4711169109948, "rang_decile_sfr": 10, "nombre_eleves": 191}, "geometry": {"type": "Point", "coordinates": [-73.555014, 45.53632]}}, {"type": "Feature", "properties": {"nom": "Saints-Martyrs-Canadiens, pavillon Sauriol", "rang": 211, "adresse": "10000, rue Parthenais, Montréal, H2B2L4", "source": "MEQ", "annee_scolaire": "2025-2026", "code_organisme": "762069", "nom_organisme": "École Saints-Martyrs-Canadiens", "code_css_cs": "762000", "nom_css_cs": "Centre de services scolaire de Montréal (762000)", "municipalite": "Montréal", "ordre_enseignement": "Préscolaire - Primaire", "type_cs": "Franco", "imse": 10.334190945946, "rang_decile_imse": 9, "sfr": 13.5190967181468, "rang_decile_sfr": 9, "nombre_eleves": 518}, "geometry": {"type": "Point", "coordinates": [-73.646701, 45.570844]}}, {"type": "Feature", "properties": {"nom": "Saints-Martyrs-Canadiens, pavillon Sauvé", "rang": 212, "adresse": "9920, rue Parthenais, Montréal, H2B2L4", "source": "MEQ", "annee_scolaire": "2025-2026", "code_organisme": "762069", "nom_organisme": "École Saints-Martyrs-Canadiens", "code_css_cs": "762000", "nom_css_cs": "Centre de services scolaire de Montréal (762000)", "municipalite": "Montréal", "ordre_enseignement": "Préscolaire - Primaire", "type_cs": "Franco", "imse": 10.334190945946, "rang_decile_imse": 9, "sfr": 13.5190967181468, "rang_decile_sfr": 9, "nombre_eleves": 518}, "geometry": {"type": "Point", "coordinates": [-73.645882, 45.570358]}}, {"type": "Feature", "properties": {"nom": "Jean-Paul-Riopelle, bâtiment Saint-Louis-de Gonzague", "rang": 44, "adresse": "2175, rue Rachel Est, Montréal, H2H1R3", "source": "MEQ", "annee_scolaire": "2025-2026", "code_organisme": "762070", "nom_organisme": "École Jean-Paul-Riopelle", "code_css_cs": "762000", "nom_css_cs": "Centre de services scolaire de Montréal (762000)", "municipalite": "Montréal", "ordre_enseignement": "Préscolaire - Primaire", "type_cs": "Franco", "imse": 5.71408969999999, "rang_decile_imse": 5, "sfr": 11.5901823666667, "rang_decile_sfr": 9, "nombre_eleves": 300}, "geometry": {"type": "Point", "coordinates": [-73.566822, 45.533755]}}, {"type": "Feature", "properties": {"nom": "Jean-Paul-Riopelle, bâtiment Jean-Paul-Riopelle", "rang": 43, "adresse": "2430, Terrasse Mercure, Montréal, H2H1P2", "source": "MEQ", "annee_scolaire": "2025-2026", "code_organisme": "762070", "nom_organisme": "École Jean-Paul-Riopelle", "code_css_cs": "762000", "nom_css_cs": "Centre de services scolaire de Montréal (762000)", "municipalite": "Montréal", "ordre_enseignement": "Préscolaire - Primaire", "type_cs": "Franco", "imse": 5.71408969999999, "rang_decile_imse": 5, "sfr": 11.5901823666667, "rang_decile_sfr": 9, "nombre_eleves": 300}, "geometry": {"type": "Point", "coordinates": [-73.564793, 45.536131]}}, {"type": "Feature", "properties": {"nom": "Saint-Barthélémy, pavillon Sagard", "rang": 157, "adresse": "7400, rue Sagard, Montréal, H2E2S9", "source": "MEQ", "annee_scolaire": "2025-2026", "code_organisme": "762071", "nom_organisme": "École Saint-Barthélemy, pavillon des Érables", "code_css_cs": "762000", "nom_css_cs": "Centre de services scolaire de Montréal (762000)", "municipalite": "Montréal", "ordre_enseignement": "Préscolaire - Primaire", "type_cs": "Franco", "imse": 9.08083696335078, "rang_decile_imse": 8, "sfr": 11.1088459860383, "rang_decile_sfr": 9, "nombre_eleves": 573}, "geometry": {"type": "Point", "coordinates": [-73.607641, 45.55252]}}, {"type": "Feature", "properties": {"nom": "Saint-Barthélémy, pavillon des Érables", "rang": 156, "adresse": "7081, avenue des Érables, Montréal, H2E2R1", "source": "MEQ", "annee_scolaire": "2025-2026", "code_organisme": "762071", "nom_organisme": "École Saint-Barthélemy, pavillon des Érables", "code_css_cs": "762000", "nom_css_cs": "Centre de services scolaire de Montréal (762000)", "municipalite": "Montréal", "ordre_enseignement": "Préscolaire - Primaire", "type_cs": "Franco", "imse": 9.08083696335078, "rang_decile_imse": 8, "sfr": 11.1088459860383, "rang_decile_sfr": 9, "nombre_eleves": 573}, "geometry": {"type": "Point", "coordinates": [-73.602669, 45.550324]}}, {"type": "Feature", "properties": {"nom": "Jean-Baptiste-Meilleur", "rang": 201, "adresse": "2237, rue Fullum, Montréal, H2K3P1", "source": "MEQ", "annee_scolaire": "2025-2026", "code_organisme": "762074", "nom_organisme": "École Jean-Baptiste-Meilleur", "code_css_cs": "762000", "nom_css_cs": "Centre de services scolaire de Montréal (762000)", "municipalite": "Montréal", "ordre_enseignement": "Préscolaire - Primaire", "type_cs": "Franco", "imse": 10.0088317258883, "rang_decile_imse": 8, "sfr": 15.4636339086295, "rang_decile_sfr": 10, "nombre_eleves": 197}, "geometry": {"type": "Point", "coordinates": [-73.5578, 45.532324]}}, {"type": "Feature", "properties": {"nom": "La Visitation", "rang": 196, "adresse": "10591, rue Séguin, Montréal, H2B2B8", "source": "MEQ", "annee_scolaire": "2025-2026", "code_organisme": "762075", "nom_organisme": "École La Visitation", "code_css_cs": "762000", "nom_css_cs": "Centre de services scolaire de Montréal (762000)", "municipalite": "Montréal", "ordre_enseignement": "Préscolaire - Primaire", "type_cs": "Franco", "imse": 9.96236768392374, "rang_decile_imse": 8, "sfr": 14.8359507084469, "rang_decile_sfr": 10, "nombre_eleves": 367}, "geometry": {"type": "Point", "coordinates": [-73.656358, 45.570853]}}, {"type": "Feature", "properties": {"nom": "Saint-Grégoire-le-Grand", "rang": 313, "adresse": "7950, rue Cartier, Montréal, H2E2K2", "source": "MEQ", "annee_scolaire": "2025-2026", "code_organisme": "762076", "nom_organisme": "École Saint-Grégoire-le-Grand", "code_css_cs": "762000", "nom_css_cs": "Centre de services scolaire de Montréal (762000)", "municipalite": "Montréal", "ordre_enseignement": "Préscolaire - Primaire", "type_cs": "Franco", "imse": 14.7537909809264, "rang_decile_imse": 10, "sfr": 12.7842240326976, "rang_decile_sfr": 9, "nombre_eleves": 367}, "geometry": {"type": "Point", "coordinates": [-73.616826, 45.552681]}}, {"type": "Feature", "properties": {"nom": "Madeleine-de-Verchères", "rang": 12, "adresse": "6017, rue Cartier, Montréal, H2G2V4", "source": "MEQ", "annee_scolaire": "2025-2026", "code_organisme": "762077", "nom_organisme": "École Madeleine-de-Verchères", "code_css_cs": "762000", "nom_css_cs": "Centre de services scolaire de Montréal (762000)", "municipalite": "Montréal", "ordre_enseignement": "Préscolaire - Primaire", "type_cs": "Franco", "imse": 4.00794838862557, "rang_decile_imse": 3, "sfr": 7.09422398104265, "rang_decile_sfr": 7, "nombre_eleves": 422}, "geometry": {"type": "Point", "coordinates": [-73.592013, 45.542116]}}, {"type": "Feature", "properties": {"nom": "Saint-Pierre-Claver", "rang": 14, "adresse": "2110, boulevard St-Joseph Est, Montréal, H2H1E7", "source": "MEQ", "annee_scolaire": "2025-2026", "code_organisme": "762079", "nom_organisme": "École Saint-Pierre-Claver", "code_css_cs": "762000", "nom_css_cs": "Centre de services scolaire de Montréal (762000)", "municipalite": "Montréal", "ordre_enseignement": "Préscolaire - Primaire", "type_cs": "Franco", "imse": 4.11879182336181, "rang_decile_imse": 3, "sfr": 7.24760113960111, "rang_decile_sfr": 7, "nombre_eleves": 351}, "geometry": {"type": "Point", "coordinates": [-73.576421, 45.537454]}}, {"type": "Feature", "properties": {"nom": "Champlain", "rang": 308, "adresse": "2260, rue Logan, Montréal, H2K4K7", "source": "MEQ", "annee_scolaire": "2025-2026", "code_organisme": "762080", "nom_organisme": "École Champlain", "code_css_cs": "762000", "nom_css_cs": "Centre de services scolaire de Montréal (762000)", "municipalite": "Montréal", "ordre_enseignement": "Préscolaire - Primaire", "type_cs": "Franco", "imse": 14.2050265289256, "rang_decile_imse": 10, "sfr": 21.4238027272728, "rang_decile_sfr": 10, "nombre_eleves": 121}, "geometry": {"type": "Point", "coordinates": [-73.550424, 45.528814]}}, {"type": "Feature", "properties": {"nom": "Élan", "rang": 90, "adresse": "3450, avenue de Lorimier, Montréal, H2K3X6", "source": "MEQ", "annee_scolaire": "2025-2026", "code_organisme": "762081", "nom_organisme": "École Élan", "code_css_cs": "762000", "nom_css_cs": "Centre de services scolaire de Montréal (762000)", "municipalite": "Montréal", "ordre_enseignement": "Préscolaire - Primaire", "type_cs": "Franco", "imse": 7.42041468749999, "rang_decile_imse": 6, "sfr": 11.3605563541667, "rang_decile_sfr": 9, "nombre_eleves": 192}, "geometry": {"type": "Point", "coordinates": [-73.564095, 45.53074]}}, {"type": "Feature", "properties": {"nom": "Saint-Isaac-Jogues", "rang": 176, "adresse": "9355, avenue de Galinée, Montréal, H2M2A7", "source": "MEQ", "annee_scolaire": "2025-2026", "code_organisme": "762082", "nom_organisme": "École Saint-Isaac-Jogues", "code_css_cs": "762000", "nom_css_cs": "Centre de services scolaire de Montréal (762000)", "municipalite": "Montréal", "ordre_enseignement": "Préscolaire - Primaire", "type_cs": "Franco", "imse": 9.56627429292929, "rang_decile_imse": 8, "sfr": 11.3711775757576, "rang_decile_sfr": 9, "nombre_eleves": 396}, "geometry": {"type": "Point", "coordinates": [-73.642971, 45.559405]}}, {"type": "Feature", "properties": {"nom": "Saint-Gabriel-Lalemant", "rang": 276, "adresse": "7350, rue Garnier, Montréal, H2E2A3", "source": "MEQ", "annee_scolaire": "2025-2026", "code_organisme": "762084", "nom_organisme": "École Saint-Gabriel-Lalemant", "code_css_cs": "762000", "nom_css_cs": "Centre de services scolaire de Montréal (762000)", "municipalite": "Montréal", "ordre_enseignement": "Préscolaire - Primaire", "type_cs": "Franco", "imse": 12.3552780269058, "rang_decile_imse": 9, "sfr": 13.1495360089686, "rang_decile_sfr": 9, "nombre_eleves": 223}, "geometry": {"type": "Point", "coordinates": [-73.611574, 45.54703]}}, {"type": "Feature", "properties": {"nom": "Saint-Gabriel-Lalemant, annexe", "rang": 277, "adresse": "7375, rue Garnier, Montréal, H2E2A1", "source": "MEQ", "annee_scolaire": "2025-2026", "code_organisme": "762084", "nom_organisme": "École Saint-Gabriel-Lalemant", "code_css_cs": "762000", "nom_css_cs": "Centre de services scolaire de Montréal (762000)", "municipalite": "Montréal", "ordre_enseignement": "Préscolaire - Primaire", "type_cs": "Franco", "imse": 12.3552780269058, "rang_decile_imse": 9, "sfr": 13.1495360089686, "rang_decile_sfr": 9, "nombre_eleves": 223}, "geometry": {"type": "Point", "coordinates": [-73.610764, 45.547471]}}, {"type": "Feature", "properties": {"nom": "Garneau", "rang": 218, "adresse": "1808, avenue Papineau, Montréal, H2K4J1", "source": "MEQ", "annee_scolaire": "2025-2026", "code_organisme": "762085", "nom_organisme": "École Garneau", "code_css_cs": "762000", "nom_css_cs": "Centre de services scolaire de Montréal (762000)", "municipalite": "Montréal", "ordre_enseignement": "Préscolaire - Primaire", "type_cs": "Franco", "imse": 10.5036212267658, "rang_decile_imse": 9, "sfr": 15.8687716728625, "rang_decile_sfr": 10, "nombre_eleves": 269}, "geometry": {"type": "Point", "coordinates": [-73.557629, 45.524548]}}, {"type": "Feature", "properties": {"nom": "Saint-Ambroise", "rang": 18, "adresse": "6555, rue de Normanville, Montréal, H2S2B8", "source": "MEQ", "annee_scolaire": "2025-2026", "code_organisme": "762086", "nom_organisme": "École Saint-Ambroise", "code_css_cs": "762000", "nom_css_cs": "Centre de services scolaire de Montréal (762000)", "municipalite": "Montréal", "ordre_enseignement": "Préscolaire - Primaire", "type_cs": "Franco", "imse": 4.40098304347826, "rang_decile_imse": 3, "sfr": 8.56251962732918, "rang_decile_sfr": 8, "nombre_eleves": 322}, "geometry": {"type": "Point", "coordinates": [-73.601346, 45.540253]}}, {"type": "Feature", "properties": {"nom": "Saint-Ambroise, annexe", "rang": 19, "adresse": "6560, rue Chambord, Montréal, H2G3B9", "source": "MEQ", "annee_scolaire": "2025-2026", "code_organisme": "762086", "nom_organisme": "École Saint-Ambroise", "code_css_cs": "762000", "nom_css_cs": "Centre de services scolaire de Montréal (762000)", "municipalite": "Montréal", "ordre_enseignement": "Préscolaire - Primaire", "type_cs": "Franco", "imse": 4.40098304347826, "rang_decile_imse": 3, "sfr": 8.56251962732918, "rang_decile_sfr": 8, "nombre_eleves": 322}, "geometry": {"type": "Point", "coordinates": [-73.600792, 45.540379]}}, {"type": "Feature", "properties": {"nom": "Paul-Bruchési", "rang": 3, "adresse": "1310, boulevard St-Joseph Est, Montréal, H2J1M2", "source": "MEQ", "annee_scolaire": "2025-2026", "code_organisme": "762087", "nom_organisme": "École Paul-Bruchési", "code_css_cs": "762000", "nom_css_cs": "Centre de services scolaire de Montréal (762000)", "municipalite": "Montréal", "ordre_enseignement": "Préscolaire - Primaire", "type_cs": "Franco", "imse": 2.48203457413249, "rang_decile_imse": 1, "sfr": 6.80478113564668, "rang_decile_sfr": 7, "nombre_eleves": 317}, "geometry": {"type": "Point", "coordinates": [-73.581843, 45.532144]}}, {"type": "Feature", "properties": {"nom": "Lanaudière", "rang": 3, "adresse": "4300, rue de Lanaudière, Montréal, H2J3N9", "source": "MEQ", "annee_scolaire": "2025-2026", "code_organisme": "762089", "nom_organisme": "École Lanaudière", "code_css_cs": "762000", "nom_css_cs": "Centre de services scolaire de Montréal (762000)", "municipalite": "Montréal", "ordre_enseignement": "Préscolaire - Primaire", "type_cs": "Franco", "imse": 2.09667747706422, "rang_decile_imse": 1, "sfr": 7.97996344036699, "rang_decile_sfr": 8, "nombre_eleves": 218}, "geometry": {"type": "Point", "coordinates": [-73.574504, 45.528733]}}, {"type": "Feature", "properties": {"nom": "Le Plateau", "rang": 247, "adresse": "3700, avenue Calixa-Lavallée, Montréal, H2L3A8", "source": "MEQ", "annee_scolaire": "2025-2026", "code_organisme": "762090", "nom_organisme": "École Le Plateau", "code_css_cs": "762000", "nom_css_cs": "Centre de services scolaire de Montréal (762000)", "municipalite": "Montréal", "ordre_enseignement": "Primaire", "type_cs": "Franco", "imse": 11.524292264574, "rang_decile_imse": 9, "sfr": 15.3076487219731, "rang_decile_sfr": 10, "nombre_eleves": 446}, "geometry": {"type": "Point", "coordinates": [-73.567745, 45.52498]}}, {"type": "Feature", "properties": {"nom": "Marguerite-Bourgeoys", "rang": 241, "adresse": "2070, rue Plessis, Montréal, H2L2Y3", "source": "MEQ", "annee_scolaire": "2025-2026", "code_organisme": "762091", "nom_organisme": "École Marguerite-Bourgeoys", "code_css_cs": "762000", "nom_css_cs": "Centre de services scolaire de Montréal (762000)", "municipalite": "Montréal", "ordre_enseignement": "Préscolaire - Primaire", "type_cs": "Franco", "imse": 11.1931774485597, "rang_decile_imse": 9, "sfr": 17.189878271605, "rang_decile_sfr": 10, "nombre_eleves": 243}, "geometry": {"type": "Point", "coordinates": [-73.562043, 45.523675]}}, {"type": "Feature", "properties": {"nom": "Louis-Colin", "rang": 29, "adresse": "10122, boulevard Olympia, Montréal, H2C2V9", "source": "MEQ", "annee_scolaire": "2025-2026", "code_organisme": "762092", "nom_organisme": "École Louis-Colin", "code_css_cs": "762000", "nom_css_cs": "Centre de services scolaire de Montréal (762000)", "municipalite": "Montréal", "ordre_enseignement": "Préscolaire - Primaire", "type_cs": "Franco", "imse": 5.13567048319327, "rang_decile_imse": 4, "sfr": 10.6470440336135, "rang_decile_sfr": 9, "nombre_eleves": 476}, "geometry": {"type": "Point", "coordinates": [-73.654837, 45.560791]}}, {"type": "Feature", "properties": {"nom": "Marie-Favery", "rang": 132, "adresse": "7750, avenue Christophe-Colomb, Montréal, H2R2S9", "source": "MEQ", "annee_scolaire": "2025-2026", "code_organisme": "762094", "nom_organisme": "École Marie-Favery", "code_css_cs": "762000", "nom_css_cs": "Centre de services scolaire de Montréal (762000)", "municipalite": "Montréal", "ordre_enseignement": "Préscolaire - Primaire", "type_cs": "Franco", "imse": 8.61807973760934, "rang_decile_imse": 7, "sfr": 8.18156344023326, "rang_decile_sfr": 8, "nombre_eleves": 343}, "geometry": {"type": "Point", "coordinates": [-73.620453, 45.546057]}}, {"type": "Feature", "properties": {"nom": "Saint-Arsène", "rang": 111, "adresse": "6972, avenue Christophe-Colomb, Montréal, H2S2H5", "source": "MEQ", "annee_scolaire": "2025-2026", "code_organisme": "762095", "nom_organisme": "École Saint-Arsène", "code_css_cs": "762000", "nom_css_cs": "Centre de services scolaire de Montréal (762000)", "municipalite": "Montréal", "ordre_enseignement": "Préscolaire - Primaire", "type_cs": "Franco", "imse": 8.09964536332178, "rang_decile_imse": 7, "sfr": 10.3697423183391, "rang_decile_sfr": 8, "nombre_eleves": 289}, "geometry": {"type": "Point", "coordinates": [-73.610278, 45.54136]}}, {"type": "Feature", "properties": {"nom": "Saint-Étienne", "rang": 35, "adresse": "5959, avenue Christophe-Colomb, Montréal, H2S2G3", "source": "MEQ", "annee_scolaire": "2025-2026", "code_organisme": "762096", "nom_organisme": "École Saint-Étienne", "code_css_cs": "762000", "nom_css_cs": "Centre de services scolaire de Montréal (762000)", "municipalite": "Montréal", "ordre_enseignement": "Préscolaire - Primaire", "type_cs": "Franco", "imse": 5.28140817610064, "rang_decile_imse": 4, "sfr": 7.20702949685534, "rang_decile_sfr": 7, "nombre_eleves": 159}, "geometry": {"type": "Point", "coordinates": [-73.596473, 45.536086]}}, {"type": "Feature", "properties": {"nom": "Arc-en-Ciel", "rang": 59, "adresse": "4265, avenue Laval, Montréal, H2W2J6", "source": "MEQ", "annee_scolaire": "2025-2026", "code_organisme": "762097", "nom_organisme": "École Arc-en-Ciel", "code_css_cs": "762000", "nom_css_cs": "Centre de services scolaire de Montréal (762000)", "municipalite": "Montréal", "ordre_enseignement": "Préscolaire - Primaire", "type_cs": "Franco", "imse": 6.28644025641026, "rang_decile_imse": 5, "sfr": 11.3491330769231, "rang_decile_sfr": 9, "nombre_eleves": 156}, "geometry": {"type": "Point", "coordinates": [-73.580669, 45.520921]}}, {"type": "Feature", "properties": {"nom": "Louis-Hippolyte-Lafontaine", "rang": 9, "adresse": "4245, rue Berri, Montréal, H2J2P9", "source": "MEQ", "annee_scolaire": "2025-2026", "code_organisme": "762098", "nom_organisme": "École Louis-Hippolyte-Lafontaine", "code_css_cs": "762000", "nom_css_cs": "Centre de services scolaire de Montréal (762000)", "municipalite": "Montréal", "ordre_enseignement": "Préscolaire - Primaire", "type_cs": "Franco", "imse": 3.66809543378995, "rang_decile_imse": 2, "sfr": 7.03148785388128, "rang_decile_sfr": 7, "nombre_eleves": 219}, "geometry": {"type": "Point", "coordinates": [-73.577915, 45.52336]}}, {"type": "Feature", "properties": {"nom": "Saint-Paul-de-la-Croix", "rang": 29, "adresse": "10495, avenue Georges-Baril, Montréal, H2C2N1", "source": "MEQ", "annee_scolaire": "2025-2026", "code_organisme": "762100", "nom_organisme": "École Saint-Paul-de-la-Croix", "code_css_cs": "762000", "nom_css_cs": "Centre de services scolaire de Montréal (762000)", "municipalite": "Montréal", "ordre_enseignement": "Préscolaire - Primaire", "type_cs": "Franco", "imse": 5.19789598726116, "rang_decile_imse": 4, "sfr": 11.3303075159236, "rang_decile_sfr": 9, "nombre_eleves": 314}, "geometry": {"type": "Point", "coordinates": [-73.661313, 45.559459]}}, {"type": "Feature", "properties": {"nom": "Fernand-Seguin, pavillon Hubert-Reeves", "rang": 121, "adresse": "10050, avenue Durham, Montréal, H2C2G4", "source": "MEQ", "annee_scolaire": "2025-2026", "code_organisme": "762101", "nom_organisme": "École Fernand-Seguin, pavillon Hubert-Reeves", "code_css_cs": "762000", "nom_css_cs": "Centre de services scolaire de Montréal (762000)", "municipalite": "Montréal", "ordre_enseignement": "Préscolaire - Primaire", "type_cs": "Franco", "imse": 8.35590184210527, "rang_decile_imse": 7, "sfr": 12.3367205639098, "rang_decile_sfr": 9, "nombre_eleves": 266}, "geometry": {"type": "Point", "coordinates": [-73.657353, 45.554473]}}, {"type": "Feature", "properties": {"nom": "Fernand-Seguin, pavillon Julie-Payette", "rang": 122, "adresse": "10085, rue Durham, Montréal, H2C2G3", "source": "MEQ", "annee_scolaire": "2025-2026", "code_organisme": "762101", "nom_organisme": "École Fernand-Seguin, pavillon Hubert-Reeves", "code_css_cs": "762000", "nom_css_cs": "Centre de services scolaire de Montréal (762000)", "municipalite": "Montréal", "ordre_enseignement": "Préscolaire - Primaire", "type_cs": "Franco", "imse": 8.35590184210527, "rang_decile_imse": 7, "sfr": 12.3367205639098, "rang_decile_sfr": 9, "nombre_eleves": 266}, "geometry": {"type": "Point", "coordinates": [-73.656817, 45.554698]}}, {"type": "Feature", "properties": {"nom": "Christ-Roi", "rang": 116, "adresse": "525, rue de Louvain Est, Montréal, H2M1A1", "source": "MEQ", "annee_scolaire": "2025-2026", "code_organisme": "762102", "nom_organisme": "École Christ-Roi", "code_css_cs": "762000", "nom_css_cs": "Centre de services scolaire de Montréal (762000)", "municipalite": "Montréal", "ordre_enseignement": "Préscolaire - Primaire", "type_cs": "Franco", "imse": 8.31852640804598, "rang_decile_imse": 7, "sfr": 9.83259060344833, "rang_decile_sfr": 8, "nombre_eleves": 348}, "geometry": {"type": "Point", "coordinates": [-73.651516, 45.550045]}}, {"type": "Feature", "properties": {"nom": "Laurier", "rang": 7, "adresse": "505, avenue Laurier Est, Montréal, H2J1E9", "source": "MEQ", "annee_scolaire": "2025-2026", "code_organisme": "762103", "nom_organisme": "École Laurier", "code_css_cs": "762000", "nom_css_cs": "Centre de services scolaire de Montréal (762000)", "municipalite": "Montréal", "ordre_enseignement": "Préscolaire - Primaire", "type_cs": "Franco", "imse": 3.24280787769785, "rang_decile_imse": 2, "sfr": 5.62199830935252, "rang_decile_sfr": 7, "nombre_eleves": 278}, "geometry": {"type": "Point", "coordinates": [-73.588674, 45.528418]}}, {"type": "Feature", "properties": {"nom": "Transitoire - 7378, rue Lajeunesse", "rang": 8, "adresse": "7378, rue Lajeunesse, Montréal, H2R2H8", "source": "MEQ", "annee_scolaire": "2025-2026", "code_organisme": "762103", "nom_organisme": "École Laurier", "code_css_cs": "762000", "nom_css_cs": "Centre de services scolaire de Montréal (762000)", "municipalite": "Montréal", "ordre_enseignement": "Préscolaire - Primaire", "type_cs": "Franco", "imse": 3.24280787769785, "rang_decile_imse": 2, "sfr": 5.62199830935252, "rang_decile_sfr": 7, "nombre_eleves": 278}, "geometry": {"type": "Point", "coordinates": [-73.617519, 45.54028]}}, {"type": "Feature", "properties": {"nom": "Saint-Gérard", "rang": 21, "adresse": "505, rue de Liège Est, Montréal, H2P1J9", "source": "MEQ", "annee_scolaire": "2025-2026", "code_organisme": "762104", "nom_organisme": "École Saint-Gérard", "code_css_cs": "762000", "nom_css_cs": "Centre de services scolaire de Montréal (762000)", "municipalite": "Montréal", "ordre_enseignement": "Préscolaire - Primaire", "type_cs": "Franco", "imse": 4.46015604123714, "rang_decile_imse": 3, "sfr": 8.37323389690722, "rang_decile_sfr": 8, "nombre_eleves": 485}, "geometry": {"type": "Point", "coordinates": [-73.635082, 45.545293]}}, {"type": "Feature", "properties": {"nom": "La Mennais", "rang": 26, "adresse": "6521, rue Saint-Denis, Montréal, H2S2S1", "source": "MEQ", "annee_scolaire": "2025-2026", "code_organisme": "762105", "nom_organisme": "École La Mennais", "code_css_cs": "762000", "nom_css_cs": "Centre de services scolaire de Montréal (762000)", "municipalite": "Montréal", "ordre_enseignement": "Préscolaire - Primaire", "type_cs": "Franco", "imse": 4.92849216216216, "rang_decile_imse": 4, "sfr": 6.46408189189189, "rang_decile_sfr": 7, "nombre_eleves": 185}, "geometry": {"type": "Point", "coordinates": [-73.605612, 45.534808]}}, {"type": "Feature", "properties": {"nom": "Hélène-Boullé", "rang": 60, "adresse": "8050, avenue de Gaspé, Montréal, H2R2A7", "source": "MEQ", "annee_scolaire": "2025-2026", "code_organisme": "762106", "nom_organisme": "École Hélène-Boullé", "code_css_cs": "762000", "nom_css_cs": "Centre de services scolaire de Montréal (762000)", "municipalite": "Montréal", "ordre_enseignement": "Préscolaire - Primaire", "type_cs": "Franco", "imse": 6.37879184115525, "rang_decile_imse": 5, "sfr": 7.96446620938628, "rang_decile_sfr": 8, "nombre_eleves": 277}, "geometry": {"type": "Point", "coordinates": [-73.629502, 45.540127]}}, {"type": "Feature", "properties": {"nom": "Sainte-Cécile", "rang": 16, "adresse": "7230, avenue de Gaspé, Montréal, H2R1Z6", "source": "MEQ", "annee_scolaire": "2025-2026", "code_organisme": "762107", "nom_organisme": "École Sainte-Cécile", "code_css_cs": "762000", "nom_css_cs": "Centre de services scolaire de Montréal (762000)", "municipalite": "Montréal", "ordre_enseignement": "Préscolaire - Primaire", "type_cs": "Franco", "imse": 4.27307798969072, "rang_decile_imse": 3, "sfr": 8.77853690721654, "rang_decile_sfr": 8, "nombre_eleves": 388}, "geometry": {"type": "Point", "coordinates": [-73.61782, 45.536806]}}, {"type": "Feature", "properties": {"nom": "Félix-Leclerc - Transitoire", "rang": 33, "adresse": "35, rue Saint-Zotique Est, Montréal, H2S1K5", "source": "MEQ", "annee_scolaire": "2025-2026", "code_organisme": "762110", "nom_organisme": "École La Petite-Patrie, pavillon Notre-Dame-de-la-Défense", "code_css_cs": "762000", "nom_css_cs": "Centre de services scolaire de Montréal (762000)", "municipalite": "Montréal", "ordre_enseignement": "Primaire", "type_cs": "Franco", "imse": 5.27769787644788, "rang_decile_imse": 4, "sfr": 9.53534525096524, "rang_decile_sfr": 8, "nombre_eleves": 259}, "geometry": {"type": "Point", "coordinates": [-73.612047, 45.532396]}}, {"type": "Feature", "properties": {"nom": "La Petite-Patrie, pav. Notre-Dame-de-la-Défense", "rang": 33, "adresse": "6841, avenue Henri-Julien, Montréal, H2S2V3", "source": "MEQ", "annee_scolaire": "2025-2026", "code_organisme": "762110", "nom_organisme": "École La Petite-Patrie, pavillon Notre-Dame-de-la-Défense", "code_css_cs": "762000", "nom_css_cs": "Centre de services scolaire de Montréal (762000)", "municipalite": "Montréal", "ordre_enseignement": "Préscolaire - Primaire", "type_cs": "Franco", "imse": 5.27769787644788, "rang_decile_imse": 4, "sfr": 9.53534525096524, "rang_decile_sfr": 8, "nombre_eleves": 259}, "geometry": {"type": "Point", "coordinates": [-73.611219, 45.535447]}}, {"type": "Feature", "properties": {"nom": "Saint-Enfant-Jésus", "rang": 128, "adresse": "75, rue Villeneuve Est, Montréal, H2T1L1", "source": "MEQ", "annee_scolaire": "2025-2026", "code_organisme": "762111", "nom_organisme": "École Saint-Enfant-Jésus", "code_css_cs": "762000", "nom_css_cs": "Centre de services scolaire de Montréal (762000)", "municipalite": "Montréal", "ordre_enseignement": "Préscolaire - Primaire", "type_cs": "Franco", "imse": 8.50817976190476, "rang_decile_imse": 7, "sfr": 12.2233174206349, "rang_decile_sfr": 9, "nombre_eleves": 252}, "geometry": {"type": "Point", "coordinates": [-73.589408, 45.522541]}}, {"type": "Feature", "properties": {"nom": "Au Pied-de-la-Montagne, pav. Jean-Jacques-Olier", "rang": 63, "adresse": "311, avenue des Pins Est, Montréal, H2W1P5", "source": "MEQ", "annee_scolaire": "2025-2026", "code_organisme": "762114", "nom_organisme": "École au Pied-de-la-Montagne, pavillon Jean-Jacques-Olier", "code_css_cs": "762000", "nom_css_cs": "Centre de services scolaire de Montréal (762000)", "municipalite": "Montréal", "ordre_enseignement": "Préscolaire - Primaire", "type_cs": "Franco", "imse": 6.45114468152866, "rang_decile_imse": 5, "sfr": 15.8142767197452, "rang_decile_sfr": 10, "nombre_eleves": 314}, "geometry": {"type": "Point", "coordinates": [-73.572915, 45.518248]}}, {"type": "Feature", "properties": {"nom": "Arc-en-Ciel", "rang": 63, "adresse": "4265, avenue Laval, Montréal, H2W2J6", "source": "MEQ", "annee_scolaire": "2025-2026", "code_organisme": "762114", "nom_organisme": "École au Pied-de-la-Montagne, pavillon Jean-Jacques-Olier", "code_css_cs": "762000", "nom_css_cs": "Centre de services scolaire de Montréal (762000)", "municipalite": "Montréal", "ordre_enseignement": "Préscolaire - Primaire", "type_cs": "Franco", "imse": 6.45114468152866, "rang_decile_imse": 5, "sfr": 15.8142767197452, "rang_decile_sfr": 10, "nombre_eleves": 314}, "geometry": {"type": "Point", "coordinates": [-73.580669, 45.520921]}}, {"type": "Feature", "properties": {"nom": "Lambert-Closse", "rang": 91, "adresse": "5840, rue Saint-Urbain, Montréal, H2T2X5", "source": "MEQ", "annee_scolaire": "2025-2026", "code_organisme": "762115", "nom_organisme": "École Lambert-Closse", "code_css_cs": "762000", "nom_css_cs": "Centre de services scolaire de Montréal (762000)", "municipalite": "Montréal", "ordre_enseignement": "Préscolaire - Primaire", "type_cs": "Franco", "imse": 7.43291516129032, "rang_decile_imse": 6, "sfr": 10.3976226728111, "rang_decile_sfr": 8, "nombre_eleves": 217}, "geometry": {"type": "Point", "coordinates": [-73.604199, 45.526096]}}, {"type": "Feature", "properties": {"nom": "Ahuntsic, bâtiment Saint-Laurent", "rang": 51, "adresse": "10615, boulevard Saint-Laurent, Montréal, H3L2P5", "source": "MEQ", "annee_scolaire": "2025-2026", "code_organisme": "762117", "nom_organisme": "École Ahuntsic", "code_css_cs": "762000", "nom_css_cs": "Centre de services scolaire de Montréal (762000)", "municipalite": "Montréal", "ordre_enseignement": "Préscolaire - Primaire", "type_cs": "Franco", "imse": 6.03464070422536, "rang_decile_imse": 5, "sfr": 9.47929605633805, "rang_decile_sfr": 8, "nombre_eleves": 355}, "geometry": {"type": "Point", "coordinates": [-73.669831, 45.550324]}}, {"type": "Feature", "properties": {"nom": "Fernand-Seguin, pavillon Hubert-Reeves", "rang": 52, "adresse": "10050, avenue Durham, Montréal, H2C2G4", "source": "MEQ", "annee_scolaire": "2025-2026", "code_organisme": "762117", "nom_organisme": "École Ahuntsic", "code_css_cs": "762000", "nom_css_cs": "Centre de services scolaire de Montréal (762000)", "municipalite": "Montréal", "ordre_enseignement": "Préscolaire - Primaire", "type_cs": "Franco", "imse": 6.03464070422536, "rang_decile_imse": 5, "sfr": 9.47929605633805, "rang_decile_sfr": 8, "nombre_eleves": 355}, "geometry": {"type": "Point", "coordinates": [-73.657353, 45.554473]}}, {"type": "Feature", "properties": {"nom": "Ahuntsic, bâtiment D'Auteuil", "rang": 51, "adresse": "9900, avenue d'Auteuil, Montréal, H3L2K1", "source": "MEQ", "annee_scolaire": "2025-2026", "code_organisme": "762117", "nom_organisme": "École Ahuntsic", "code_css_cs": "762000", "nom_css_cs": "Centre de services scolaire de Montréal (762000)", "municipalite": "Montréal", "ordre_enseignement": "Primaire", "type_cs": "Franco", "imse": 6.03464070422536, "rang_decile_imse": 5, "sfr": 9.47929605633805, "rang_decile_sfr": 8, "nombre_eleves": 355}, "geometry": {"type": "Point", "coordinates": [-73.658851, 45.549379]}}, {"type": "Feature", "properties": {"nom": "Fernand-Seguin, pavillon Julie-Payette", "rang": 53, "adresse": "10085, rue Durham, Montréal, H2C2G3", "source": "MEQ", "annee_scolaire": "2025-2026", "code_organisme": "762117", "nom_organisme": "École Ahuntsic", "code_css_cs": "762000", "nom_css_cs": "Centre de services scolaire de Montréal (762000)", "municipalite": "Montréal", "ordre_enseignement": "Préscolaire - Primaire", "type_cs": "Franco", "imse": 6.03464070422536, "rang_decile_imse": 5, "sfr": 9.47929605633805, "rang_decile_sfr": 8, "nombre_eleves": 355}, "geometry": {"type": "Point", "coordinates": [-73.656817, 45.554698]}}, {"type": "Feature", "properties": {"nom": "Saint-André-Apôtre, annexe", "rang": 55, "adresse": "11015, rue Tolhurst, Montréal, H3L3A8", "source": "MEQ", "annee_scolaire": "2025-2026", "code_organisme": "762119", "nom_organisme": "École Saint-André-Apôtre", "code_css_cs": "762000", "nom_css_cs": "Centre de services scolaire de Montréal (762000)", "municipalite": "Montréal", "ordre_enseignement": "Primaire", "type_cs": "Franco", "imse": 6.06983046575341, "rang_decile_imse": 5, "sfr": 6.04905232876713, "rang_decile_sfr": 7, "nombre_eleves": 365}, "geometry": {"type": "Point", "coordinates": [-73.677121, 45.547543]}}, {"type": "Feature", "properties": {"nom": "Saint-André-Apôtre", "rang": 55, "adresse": "215, rue Prieur Ouest, Montréal, H3L1R7", "source": "MEQ", "annee_scolaire": "2025-2026", "code_organisme": "762119", "nom_organisme": "École Saint-André-Apôtre", "code_css_cs": "762000", "nom_css_cs": "Centre de services scolaire de Montréal (762000)", "municipalite": "Montréal", "ordre_enseignement": "Préscolaire - Primaire", "type_cs": "Franco", "imse": 6.06983046575341, "rang_decile_imse": 5, "sfr": 6.04905232876713, "rang_decile_sfr": 7, "nombre_eleves": 365}, "geometry": {"type": "Point", "coordinates": [-73.67038, 45.546436]}}, {"type": "Feature", "properties": {"nom": "Saint-Simon-Apôtre", "rang": 322, "adresse": "195, rue de Beauharnois Ouest, Montréal, H2N1K1", "source": "MEQ", "annee_scolaire": "2025-2026", "code_organisme": "762120", "nom_organisme": "École Saint-Simon-Apôtre", "code_css_cs": "762000", "nom_css_cs": "Centre de services scolaire de Montréal (762000)", "municipalite": "Montréal", "ordre_enseignement": "Préscolaire - Primaire", "type_cs": "Franco", "imse": 15.6542013011152, "rang_decile_imse": 10, "sfr": 13.6550991821562, "rang_decile_sfr": 9, "nombre_eleves": 269}, "geometry": {"type": "Point", "coordinates": [-73.647493, 45.539488]}}, {"type": "Feature", "properties": {"nom": "Saint-Benoît", "rang": 188, "adresse": "500, avenue du Mont-Cassin, Montréal, H3L1W6", "source": "MEQ", "annee_scolaire": "2025-2026", "code_organisme": "762121", "nom_organisme": "École Saint-Benoît", "code_css_cs": "762000", "nom_css_cs": "Centre de services scolaire de Montréal (762000)", "municipalite": "Montréal", "ordre_enseignement": "Préscolaire - Primaire", "type_cs": "Franco", "imse": 9.78335749163876, "rang_decile_imse": 8, "sfr": 18.5935794983278, "rang_decile_sfr": 10, "nombre_eleves": 299}, "geometry": {"type": "Point", "coordinates": [-73.66737, 45.541558]}}, {"type": "Feature", "properties": {"nom": "Barclay", "rang": 346, "adresse": "7941, avenue Wiseman, Montréal, H3N2P2", "source": "MEQ", "annee_scolaire": "2025-2026", "code_organisme": "762122", "nom_organisme": "École Barclay", "code_css_cs": "762000", "nom_css_cs": "Centre de services scolaire de Montréal (762000)", "municipalite": "Montréal", "ordre_enseignement": "Préscolaire - Primaire", "type_cs": "Franco", "imse": 23.9883156504065, "rang_decile_imse": 10, "sfr": 29.82329449187, "rang_decile_sfr": 10, "nombre_eleves": 492}, "geometry": {"type": "Point", "coordinates": [-73.635186, 45.528994]}}, {"type": "Feature", "properties": {"nom": "FACE, primaire", "rang": 154, "adresse": "4835, avenue Christophe-Colomb, Montréal, H2J3G8", "source": "MEQ", "annee_scolaire": "2025-2026", "code_organisme": "762127", "nom_organisme": "École FACE", "code_css_cs": "762000", "nom_css_cs": "Centre de services scolaire de Montréal (762000)", "municipalite": "Montréal", "ordre_enseignement": "Préscolaire - Primaire", "type_cs": "Franco", "imse": 9.02787453883494, "rang_decile_imse": 8, "sfr": 14.4099550485437, "rang_decile_sfr": 10, "nombre_eleves": 412}, "geometry": {"type": "Point", "coordinates": [-73.583171, 45.530137]}}, {"type": "Feature", "properties": {"nom": "FACE, secondaire", "rang": 155, "adresse": "3449, rue University, Montréal, H3A2A8", "source": "MEQ", "annee_scolaire": "2025-2026", "code_organisme": "762127", "nom_organisme": "École FACE", "code_css_cs": "762000", "nom_css_cs": "Centre de services scolaire de Montréal (762000)", "municipalite": "Montréal", "ordre_enseignement": "Secondaire", "type_cs": "Franco", "imse": 9.02787453883494, "rang_decile_imse": 8, "sfr": 14.4099550485437, "rang_decile_sfr": 10, "nombre_eleves": 412}, "geometry": {"type": "Point", "coordinates": [-73.574787, 45.506188]}}, {"type": "Feature", "properties": {"nom": "Barthélemy-Vimont", "rang": 344, "adresse": "415, rue Saint-Roch, Montréal, H3N1K2", "source": "MEQ", "annee_scolaire": "2025-2026", "code_organisme": "762128", "nom_organisme": "École Barthélemy-Vimont", "code_css_cs": "762000", "nom_css_cs": "Centre de services scolaire de Montréal (762000)", "municipalite": "Montréal", "ordre_enseignement": "Primaire", "type_cs": "Franco", "imse": 22.8484009080326, "rang_decile_imse": 10, "sfr": 29.9566596856809, "rang_decile_sfr": 10, "nombre_eleves": 859}, "geometry": {"type": "Point", "coordinates": [-73.628728, 45.531487]}}, {"type": "Feature", "properties": {"nom": "Barthélemy-Vimont, annexe", "rang": 345, "adresse": "630, rue Saint-Roch, Montréal, H3N1K8", "source": "MEQ", "annee_scolaire": "2025-2026", "code_organisme": "762128", "nom_organisme": "École Barthélemy-Vimont", "code_css_cs": "762000", "nom_css_cs": "Centre de services scolaire de Montréal (762000)", "municipalite": "Montréal", "ordre_enseignement": "Primaire", "type_cs": "Franco", "imse": 22.8484009080326, "rang_decile_imse": 10, "sfr": 29.9566596856809, "rang_decile_sfr": 10, "nombre_eleves": 859}, "geometry": {"type": "Point", "coordinates": [-73.62903, 45.529147]}}, {"type": "Feature", "properties": {"nom": "De la Petite-Bourgogne", "rang": 234, "adresse": "555, rue des Seigneurs, Montréal, H3J1Y1", "source": "MEQ", "annee_scolaire": "2025-2026", "code_organisme": "762129", "nom_organisme": "École De la Petite-Bourgogne", "code_css_cs": "762000", "nom_css_cs": "Centre de services scolaire de Montréal (762000)", "municipalite": "Montréal", "ordre_enseignement": "Préscolaire - Primaire", "type_cs": "Franco", "imse": 10.9809302923976, "rang_decile_imse": 9, "sfr": 22.1664859356725, "rang_decile_sfr": 10, "nombre_eleves": 342}, "geometry": {"type": "Point", "coordinates": [-73.569959, 45.488701]}}, {"type": "Feature", "properties": {"nom": "Charles-Lemoyne", "rang": 255, "adresse": "2001, rue Mullins, Montréal, H3K1N9", "source": "MEQ", "annee_scolaire": "2025-2026", "code_organisme": "762130", "nom_organisme": "École Charles-Lemoyne", "code_css_cs": "762000", "nom_css_cs": "Centre de services scolaire de Montréal (762000)", "municipalite": "Montréal", "ordre_enseignement": "Préscolaire - Primaire", "type_cs": "Franco", "imse": 11.8074970649351, "rang_decile_imse": 9, "sfr": 17.0708398441558, "rang_decile_sfr": 10, "nombre_eleves": 385}, "geometry": {"type": "Point", "coordinates": [-73.561809, 45.481041]}}, {"type": "Feature", "properties": {"nom": "Jeanne-LeBer", "rang": 193, "adresse": "2120, rue Favard, Montréal, H3K1Z7", "source": "MEQ", "annee_scolaire": "2025-2026", "code_organisme": "762131", "nom_organisme": "École Jeanne-LeBer", "code_css_cs": "762000", "nom_css_cs": "Centre de services scolaire de Montréal (762000)", "municipalite": "Montréal", "ordre_enseignement": "Préscolaire - Primaire", "type_cs": "Franco", "imse": 9.9138692672414, "rang_decile_imse": 8, "sfr": 17.2946932758621, "rang_decile_sfr": 10, "nombre_eleves": 232}, "geometry": {"type": "Point", "coordinates": [-73.55626, 45.47727]}}, {"type": "Feature", "properties": {"nom": "François-de-Laval", "rang": 180, "adresse": "12050, avenue Bois-de-Boulogne, Montréal, H3M2X9", "source": "MEQ", "annee_scolaire": "2025-2026", "code_organisme": "762132", "nom_organisme": "École François-de-Laval", "code_css_cs": "762000", "nom_css_cs": "Centre de services scolaire de Montréal (762000)", "municipalite": "Montréal", "ordre_enseignement": "Préscolaire - Primaire", "type_cs": "Franco", "imse": 9.6455330780347, "rang_decile_imse": 8, "sfr": 14.2874142630057, "rang_decile_sfr": 10, "nombre_eleves": 692}, "geometry": {"type": "Point", "coordinates": [-73.695895, 45.54271]}}, {"type": "Feature", "properties": {"nom": "François-de-Laval, annexe", "rang": 180, "adresse": "12020, av. du Bois-de-Boulogne, Montréal, H3M2X9", "source": "MEQ", "annee_scolaire": "2025-2026", "code_organisme": "762132", "nom_organisme": "École François-de-Laval", "code_css_cs": "762000", "nom_css_cs": "Centre de services scolaire de Montréal (762000)", "municipalite": "Montréal", "ordre_enseignement": "Préscolaire - Primaire", "type_cs": "Franco", "imse": 9.6455330780347, "rang_decile_imse": 8, "sfr": 14.2874142630057, "rang_decile_sfr": 10, "nombre_eleves": 692}, "geometry": {"type": "Point", "coordinates": [-73.695445, 45.542872]}}, {"type": "Feature", "properties": {"nom": "Félix-Leclerc - Transitoire", "rang": 120, "adresse": "35, rue Saint-Zotique Est, Montréal, H2S1K5", "source": "MEQ", "annee_scolaire": "2025-2026", "code_organisme": "762134", "nom_organisme": "École Félix-Leclerc", "code_css_cs": "762000", "nom_css_cs": "Centre de services scolaire de Montréal (762000)", "municipalite": "Montréal", "ordre_enseignement": "Préscolaire - Primaire", "type_cs": "Franco", "imse": 8.34345067692308, "rang_decile_imse": 7, "sfr": 17.7927064307692, "rang_decile_sfr": 10, "nombre_eleves": 325}, "geometry": {"type": "Point", "coordinates": [-73.612047, 45.532396]}}, {"type": "Feature", "properties": {"nom": "Félix-Leclerc", "rang": 119, "adresse": "6055, avenue Darlington, Montréal, H3S2H9", "source": "MEQ", "annee_scolaire": "2025-2026", "code_organisme": "762134", "nom_organisme": "École Félix-Leclerc", "code_css_cs": "762000", "nom_css_cs": "Centre de services scolaire de Montréal (762000)", "municipalite": "Montréal", "ordre_enseignement": "Préscolaire - Primaire", "type_cs": "Franco", "imse": 8.34345067692308, "rang_decile_imse": 7, "sfr": 17.7927064307692, "rang_decile_sfr": 10, "nombre_eleves": 325}, "geometry": {"type": "Point", "coordinates": [-73.62381, 45.507736]}}, {"type": "Feature", "properties": {"nom": "Bedford", "rang": 326, "adresse": "3131, rue Goyer, Montréal, H3S1H7", "source": "MEQ", "annee_scolaire": "2025-2026", "code_organisme": "762135", "nom_organisme": "École Bedford", "code_css_cs": "762000", "nom_css_cs": "Centre de services scolaire de Montréal (762000)", "municipalite": "Montréal", "ordre_enseignement": "Préscolaire - Primaire", "type_cs": "Franco", "imse": 16.5076712956811, "rang_decile_imse": 10, "sfr": 26.8213596013289, "rang_decile_sfr": 10, "nombre_eleves": 301}, "geometry": {"type": "Point", "coordinates": [-73.633458, 45.507376]}}, {"type": "Feature", "properties": {"nom": "Victor-Rousselot", "rang": 252, "adresse": "3525, rue Sainte-Émilie, Montréal, H4C1Z3", "source": "MEQ", "annee_scolaire": "2025-2026", "code_organisme": "762139", "nom_organisme": "École Victor-Rousselot", "code_css_cs": "762000", "nom_css_cs": "Centre de services scolaire de Montréal (762000)", "municipalite": "Montréal", "ordre_enseignement": "Préscolaire - Primaire", "type_cs": "Franco", "imse": 11.7281595049505, "rang_decile_imse": 9, "sfr": 19.0813674752475, "rang_decile_sfr": 10, "nombre_eleves": 202}, "geometry": {"type": "Point", "coordinates": [-73.579233, 45.479602]}}, {"type": "Feature", "properties": {"nom": "Ludger-Duvernay", "rang": 223, "adresse": "770, rue du Couvent, Montréal, H4C2R6", "source": "MEQ", "annee_scolaire": "2025-2026", "code_organisme": "762140", "nom_organisme": "École Ludger-Duvernay", "code_css_cs": "762000", "nom_css_cs": "Centre de services scolaire de Montréal (762000)", "municipalite": "Montréal", "ordre_enseignement": "Préscolaire - Primaire", "type_cs": "Franco", "imse": 10.6715348510638, "rang_decile_imse": 9, "sfr": 19.9271306382979, "rang_decile_sfr": 10, "nombre_eleves": 235}, "geometry": {"type": "Point", "coordinates": [-73.586168, 45.478495]}}, {"type": "Feature", "properties": {"nom": "Bedford", "rang": 81, "adresse": "3131, rue Goyer, Montréal, H3S1H7", "source": "MEQ", "annee_scolaire": "2025-2026", "code_organisme": "762142", "nom_organisme": "École Notre-Dame-des-Neiges", "code_css_cs": "762000", "nom_css_cs": "Centre de services scolaire de Montréal (762000)", "municipalite": "Montréal", "ordre_enseignement": "Primaire", "type_cs": "Franco", "imse": 7.03368228287839, "rang_decile_imse": 6, "sfr": 19.7237654094293, "rang_decile_sfr": 10, "nombre_eleves": 403}, "geometry": {"type": "Point", "coordinates": [-73.633458, 45.507376]}}, {"type": "Feature", "properties": {"nom": "Notre-Dame-des-Neiges", "rang": 82, "adresse": "5309, chemin Côte-des-Neiges, Montréal, H3T1Y4", "source": "MEQ", "annee_scolaire": "2025-2026", "code_organisme": "762142", "nom_organisme": "École Notre-Dame-des-Neiges", "code_css_cs": "762000", "nom_css_cs": "Centre de services scolaire de Montréal (762000)", "municipalite": "Montréal", "ordre_enseignement": "Préscolaire - Primaire", "type_cs": "Franco", "imse": 7.03368228287839, "rang_decile_imse": 6, "sfr": 19.7237654094293, "rang_decile_sfr": 10, "nombre_eleves": 403}, "geometry": {"type": "Point", "coordinates": [-73.622005, 45.496702]}}, {"type": "Feature", "properties": {"nom": "Maîtrise Petits-Chanteurs du Mont-Royal", "rang": 81, "adresse": "4300, chemin Queen-Mary, Montréal, H3V1A6", "source": "MEQ", "annee_scolaire": "2025-2026", "code_organisme": "762142", "nom_organisme": "École Notre-Dame-des-Neiges", "code_css_cs": "762000", "nom_css_cs": "Centre de services scolaire de Montréal (762000)", "municipalite": "Montréal", "ordre_enseignement": "Primaire", "type_cs": "Franco", "imse": 7.03368228287839, "rang_decile_imse": 6, "sfr": 19.7237654094293, "rang_decile_sfr": 10, "nombre_eleves": 403}, "geometry": {"type": "Point", "coordinates": [-73.620556, 45.491104]}}, {"type": "Feature", "properties": {"nom": "Lucille-Teasdale", "rang": 318, "adresse": "3975, rue Bouchette, Montréal, H3S2X1", "source": "MEQ", "annee_scolaire": "2025-2026", "code_organisme": "762144", "nom_organisme": "École Lucille-Teasdale", "code_css_cs": "762000", "nom_css_cs": "Centre de services scolaire de Montréal (762000)", "municipalite": "Montréal", "ordre_enseignement": "Préscolaire - Primaire", "type_cs": "Franco", "imse": 15.248009254386, "rang_decile_imse": 10, "sfr": 12.3432864473684, "rang_decile_sfr": 9, "nombre_eleves": 228}, "geometry": {"type": "Point", "coordinates": [-73.640833, 45.498475]}}, {"type": "Feature", "properties": {"nom": "Gilles-Vigneault", "rang": 249, "adresse": "11400, avenue de Poutrincourt, Montréal, H3M1Z7", "source": "MEQ", "annee_scolaire": "2025-2026", "code_organisme": "762145", "nom_organisme": "École Gilles-Vigneault", "code_css_cs": "762000", "nom_css_cs": "Centre de services scolaire de Montréal (762000)", "municipalite": "Montréal", "ordre_enseignement": "Préscolaire - Primaire", "type_cs": "Franco", "imse": 11.5771245853659, "rang_decile_imse": 9, "sfr": 17.4950986341463, "rang_decile_sfr": 10, "nombre_eleves": 410}, "geometry": {"type": "Point", "coordinates": [-73.691976, 45.531577]}}, {"type": "Feature", "properties": {"nom": "Gilles-Vigneault, annexe temporaire", "rang": 250, "adresse": "2005, rue Victor-Doré, Montréal, H3M1S4", "source": "MEQ", "annee_scolaire": "2025-2026", "code_organisme": "762145", "nom_organisme": "École Gilles-Vigneault", "code_css_cs": "762000", "nom_css_cs": "Centre de services scolaire de Montréal (762000)", "municipalite": "Montréal", "ordre_enseignement": "Préscolaire - Primaire", "type_cs": "Franco", "imse": 11.5771245853659, "rang_decile_imse": 9, "sfr": 17.4950986341463, "rang_decile_sfr": 10, "nombre_eleves": 410}, "geometry": {"type": "Point", "coordinates": [-73.689159, 45.536356]}}, {"type": "Feature", "properties": {"nom": "Sainte-Odile, annexe", "rang": 301, "adresse": "12330, rue Lavigne, Montréal, H4J1Y4", "source": "MEQ", "annee_scolaire": "2025-2026", "code_organisme": "762146", "nom_organisme": "École Sainte-Odile", "code_css_cs": "762000", "nom_css_cs": "Centre de services scolaire de Montréal (762000)", "municipalite": "Montréal", "ordre_enseignement": "Préscolaire - Primaire", "type_cs": "Franco", "imse": 13.6159327954546, "rang_decile_imse": 10, "sfr": 16.88203675, "rang_decile_sfr": 10, "nombre_eleves": 440}, "geometry": {"type": "Point", "coordinates": [-73.712887, 45.536563]}}, {"type": "Feature", "properties": {"nom": "Sainte-Odile", "rang": 300, "adresse": "12055, rue Dépatie, Montréal, H4J1W9", "source": "MEQ", "annee_scolaire": "2025-2026", "code_organisme": "762146", "nom_organisme": "École Sainte-Odile", "code_css_cs": "762000", "nom_css_cs": "Centre de services scolaire de Montréal (762000)", "municipalite": "Montréal", "ordre_enseignement": "Préscolaire - Primaire", "type_cs": "Franco", "imse": 13.6159327954546, "rang_decile_imse": 10, "sfr": 16.88203675, "rang_decile_sfr": 10, "nombre_eleves": 440}, "geometry": {"type": "Point", "coordinates": [-73.706785, 45.534574]}}, {"type": "Feature", "properties": {"nom": "Alice-Parizeau", "rang": 306, "adresse": "11715, rue Filion, Montréal, H4J1T2", "source": "MEQ", "annee_scolaire": "2025-2026", "code_organisme": "762147", "nom_organisme": "École Alice-Parizeau", "code_css_cs": "762000", "nom_css_cs": "Centre de services scolaire de Montréal (762000)", "municipalite": "Montréal", "ordre_enseignement": "Préscolaire - Primaire", "type_cs": "Franco", "imse": 13.9927607142857, "rang_decile_imse": 10, "sfr": 21.1652293984963, "rang_decile_sfr": 10, "nombre_eleves": 266}, "geometry": {"type": "Point", "coordinates": [-73.697155, 45.530407]}}, {"type": "Feature", "properties": {"nom": "Saint-Pascal-Baylon", "rang": 300, "adresse": "6320, chemin Côte-des-Neiges, Montréal, H3S2A4", "source": "MEQ", "annee_scolaire": "2025-2026", "code_organisme": "762149", "nom_organisme": "École Saint-Pascal-Baylon", "code_css_cs": "762000", "nom_css_cs": "Centre de services scolaire de Montréal (762000)", "municipalite": "Montréal", "ordre_enseignement": "Préscolaire - Primaire", "type_cs": "Franco", "imse": 13.5965846240602, "rang_decile_imse": 10, "sfr": 17.5072060902255, "rang_decile_sfr": 10, "nombre_eleves": 266}, "geometry": {"type": "Point", "coordinates": [-73.634659, 45.501445]}}, {"type": "Feature", "properties": {"nom": "Simonne-Monet", "rang": 177, "adresse": "3850, avenue Dupuis, Montréal, H3T1E6", "source": "MEQ", "annee_scolaire": "2025-2026", "code_organisme": "762150", "nom_organisme": "École Simonne-Monet", "code_css_cs": "762000", "nom_css_cs": "Centre de services scolaire de Montréal (762000)", "municipalite": "Montréal", "ordre_enseignement": "Préscolaire - Primaire", "type_cs": "Franco", "imse": 9.62789468864467, "rang_decile_imse": 8, "sfr": 14.6454528937729, "rang_decile_sfr": 10, "nombre_eleves": 273}, "geometry": {"type": "Point", "coordinates": [-73.627419, 45.496243]}}, {"type": "Feature", "properties": {"nom": "Louisbourg", "rang": 292, "adresse": "11880, rue Michel-Sarrazin, Montréal, H4J2G7", "source": "MEQ", "annee_scolaire": "2025-2026", "code_organisme": "762151", "nom_organisme": "École Louisbourg", "code_css_cs": "762000", "nom_css_cs": "Centre de services scolaire de Montréal (762000)", "municipalite": "Montréal", "ordre_enseignement": "Préscolaire - Primaire", "type_cs": "Franco", "imse": 13.015863794038, "rang_decile_imse": 10, "sfr": 28.753194796748, "rang_decile_sfr": 10, "nombre_eleves": 369}, "geometry": {"type": "Point", "coordinates": [-73.710183, 45.526816]}}, {"type": "Feature", "properties": {"nom": "Nations, des (propriété de la CS English-Montréal)", "rang": 263, "adresse": "4860, rue Vézina, Montréal, H3W1C1", "source": "MEQ", "annee_scolaire": "2025-2026", "code_organisme": "762152", "nom_organisme": "École des Nations", "code_css_cs": "762000", "nom_css_cs": "Centre de services scolaire de Montréal (762000)", "municipalite": "Montréal", "ordre_enseignement": "Préscolaire - Primaire", "type_cs": "Franco", "imse": 11.9731481666666, "rang_decile_imse": 9, "sfr": 15.7358852619047, "rang_decile_sfr": 10, "nombre_eleves": 420}, "geometry": {"type": "Point", "coordinates": [-73.643628, 45.495865]}}, {"type": "Feature", "properties": {"nom": "Du Petit-Chapiteau", "rang": 139, "adresse": "4890, avenue Carlton, Montréal, H3W1G6", "source": "MEQ", "annee_scolaire": "2025-2026", "code_organisme": "762153", "nom_organisme": "École du Petit-Chapiteau", "code_css_cs": "762000", "nom_css_cs": "Centre de services scolaire de Montréal (762000)", "municipalite": "Montréal", "ordre_enseignement": "Préscolaire - Primaire", "type_cs": "Franco", "imse": 8.76340954692555, "rang_decile_imse": 8, "sfr": 12.6481165048544, "rang_decile_sfr": 9, "nombre_eleves": 309}, "geometry": {"type": "Point", "coordinates": [-73.640271, 45.493993]}}, {"type": "Feature", "properties": {"nom": "Saint-Zotique", "rang": 283, "adresse": "4841, avenue Palm, Montréal, H4C1Y1", "source": "MEQ", "annee_scolaire": "2025-2026", "code_organisme": "762154", "nom_organisme": "École Saint-Zotique", "code_css_cs": "762000", "nom_css_cs": "Centre de services scolaire de Montréal (762000)", "municipalite": "Montréal", "ordre_enseignement": "Préscolaire - Primaire", "type_cs": "Franco", "imse": 12.639627027027, "rang_decile_imse": 9, "sfr": 13.7451373648648, "rang_decile_sfr": 9, "nombre_eleves": 148}, "geometry": {"type": "Point", "coordinates": [-73.589354, 45.471178]}}, {"type": "Feature", "properties": {"nom": "Centre Saint-Paul", "rang": 283, "adresse": "4976, rue Notre-Dame Ouest, Montréal, H4C1S8", "source": "MEQ", "annee_scolaire": "2025-2026", "code_organisme": "762154", "nom_organisme": "École Saint-Zotique", "code_css_cs": "762000", "nom_css_cs": "Centre de services scolaire de Montréal (762000)", "municipalite": "Montréal", "ordre_enseignement": "Préscolaire - Primaire", "type_cs": "Franco", "imse": 12.639627027027, "rang_decile_imse": 9, "sfr": 13.7451373648648, "rang_decile_sfr": 9, "nombre_eleves": 148}, "geometry": {"type": "Point", "coordinates": [-73.590056, 45.470674]}}, {"type": "Feature", "properties": {"nom": "Iona", "rang": 54, "adresse": "5000, rue Iona, Montréal, H3W2A2", "source": "MEQ", "annee_scolaire": "2025-2026", "code_organisme": "762155", "nom_organisme": "École Iona", "code_css_cs": "762000", "nom_css_cs": "Centre de services scolaire de Montréal (762000)", "municipalite": "Montréal", "ordre_enseignement": "Préscolaire - Primaire", "type_cs": "Franco", "imse": 6.05060863961814, "rang_decile_imse": 5, "sfr": 13.0116288066826, "rang_decile_sfr": 9, "nombre_eleves": 419}, "geometry": {"type": "Point", "coordinates": [-73.624625, 45.484813]}}, {"type": "Feature", "properties": {"nom": "Notre-Dame-de-Grâce", "rang": 11, "adresse": "5435, av. Notre-Dame-de-Grâce, Montréal, H4A1L2", "source": "MEQ", "annee_scolaire": "2025-2026", "code_organisme": "762156", "nom_organisme": "École Notre-Dame-de-Grâce", "code_css_cs": "762000", "nom_css_cs": "Centre de services scolaire de Montréal (762000)", "municipalite": "Montréal", "ordre_enseignement": "Préscolaire - Primaire", "type_cs": "Franco", "imse": 3.90361274834436, "rang_decile_imse": 2, "sfr": 10.3583623344371, "rang_decile_sfr": 8, "nombre_eleves": 604}, "geometry": {"type": "Point", "coordinates": [-73.617627, 45.475759]}}, {"type": "Feature", "properties": {"nom": "Notre-Dame-de-Grâce, annexe", "rang": 12, "adresse": "5619, chemin Côte-St-Antoine, Montréal, H4A1R5", "source": "MEQ", "annee_scolaire": "2025-2026", "code_organisme": "762158", "nom_organisme": "École Étoile filante", "code_css_cs": "762000", "nom_css_cs": "Centre de services scolaire de Montréal (762000)", "municipalite": "Montréal", "ordre_enseignement": "Primaire", "type_cs": "Franco", "imse": 3.99695330645161, "rang_decile_imse": 3, "sfr": 10.4427394354839, "rang_decile_sfr": 8, "nombre_eleves": 124}, "geometry": {"type": "Point", "coordinates": [-73.616966, 45.472627]}}, {"type": "Feature", "properties": {"nom": "Des Cinq-Continents, pavillon Dupuis", "rang": 38, "adresse": "5530, avenue Dupuis, Montréal, H3X1N8", "source": "MEQ", "annee_scolaire": "2025-2026", "code_organisme": "762161", "nom_organisme": "École des Cinq-Continents, pavillon Saint-Antonin", "code_css_cs": "762000", "nom_css_cs": "Centre de services scolaire de Montréal (762000)", "municipalite": "Montréal", "ordre_enseignement": "Préscolaire - Primaire", "type_cs": "Franco", "imse": 5.57922782608694, "rang_decile_imse": 4, "sfr": 14.6218986956522, "rang_decile_sfr": 10, "nombre_eleves": 391}, "geometry": {"type": "Point", "coordinates": [-73.637063, 45.485272]}}, {"type": "Feature", "properties": {"nom": "Des Cinq-Continents, pavillon Saint-Antonin", "rang": 39, "adresse": "5325, avenue MacDonald, Montréal, H3X2W6", "source": "MEQ", "annee_scolaire": "2025-2026", "code_organisme": "762161", "nom_organisme": "École des Cinq-Continents, pavillon Saint-Antonin", "code_css_cs": "762000", "nom_css_cs": "Centre de services scolaire de Montréal (762000)", "municipalite": "Montréal", "ordre_enseignement": "Préscolaire - Primaire", "type_cs": "Franco", "imse": 5.57922782608694, "rang_decile_imse": 4, "sfr": 14.6218986956522, "rang_decile_sfr": 10, "nombre_eleves": 391}, "geometry": {"type": "Point", "coordinates": [-73.636113, 45.482671]}}, {"type": "Feature", "properties": {"nom": "Marie-de-l'Incarnation", "rang": 309, "adresse": "5446, rue Angers, Montréal, H4E4A3", "source": "MEQ", "annee_scolaire": "2025-2026", "code_organisme": "762162", "nom_organisme": "École Marie-de-l'Incarnation", "code_css_cs": "762000", "nom_css_cs": "Centre de services scolaire de Montréal (762000)", "municipalite": "Montréal", "ordre_enseignement": "Préscolaire - Primaire", "type_cs": "Franco", "imse": 14.5608875138121, "rang_decile_imse": 10, "sfr": 18.4476563535912, "rang_decile_sfr": 10, "nombre_eleves": 181}, "geometry": {"type": "Point", "coordinates": [-73.584057, 45.463942]}}, {"type": "Feature", "properties": {"nom": "Marc-Favreau", "rang": 73, "adresse": "6310, avenue Somerled, Montréal, H3X2B8", "source": "MEQ", "annee_scolaire": "2025-2026", "code_organisme": "762163", "nom_organisme": "École Marc-Favreau", "code_css_cs": "762000", "nom_css_cs": "Centre de services scolaire de Montréal (762000)", "municipalite": "Montréal", "ordre_enseignement": "Préscolaire - Primaire", "type_cs": "Franco", "imse": 6.64606220994474, "rang_decile_imse": 6, "sfr": 19.7508687292818, "rang_decile_sfr": 10, "nombre_eleves": 362}, "geometry": {"type": "Point", "coordinates": [-73.635965, 45.469486]}}, {"type": "Feature", "properties": {"nom": "Marc-Favreau, annexe", "rang": 74, "adresse": "4635, place Borden, Montréal, H4B1A1", "source": "MEQ", "annee_scolaire": "2025-2026", "code_organisme": "762163", "nom_organisme": "École Marc-Favreau", "code_css_cs": "762000", "nom_css_cs": "Centre de services scolaire de Montréal (762000)", "municipalite": "Montréal", "ordre_enseignement": "Préscolaire - Primaire", "type_cs": "Franco", "imse": 6.64606220994474, "rang_decile_imse": 6, "sfr": 19.7508687292818, "rang_decile_sfr": 10, "nombre_eleves": 362}, "geometry": {"type": "Point", "coordinates": [-73.635317, 45.468019]}}, {"type": "Feature", "properties": {"nom": "Notre-Dame-du-Perpétuel-Secours", "rang": 328, "adresse": "6025, rue Beaulieu, Montréal, H4E3E7", "source": "MEQ", "annee_scolaire": "2025-2026", "code_organisme": "762164", "nom_organisme": "École Notre-Dame-du-Perpétuel-Secours", "code_css_cs": "762000", "nom_css_cs": "Centre de services scolaire de Montréal (762000)", "municipalite": "Montréal", "ordre_enseignement": "Préscolaire - Primaire", "type_cs": "Franco", "imse": 16.7757366566265, "rang_decile_imse": 10, "sfr": 16.2424918072289, "rang_decile_sfr": 10, "nombre_eleves": 332}, "geometry": {"type": "Point", "coordinates": [-73.597098, 45.45819]}}, {"type": "Feature", "properties": {"nom": "Le 1825, rue Jolicoeur", "rang": 50, "adresse": "1825, rue Jolicoeur, Montréal, H4E1X3", "source": "MEQ", "annee_scolaire": "2025-2026", "code_organisme": "762165", "nom_organisme": "École Coeur-Immaculé-de-Marie", "code_css_cs": "762000", "nom_css_cs": "Centre de services scolaire de Montréal (762000)", "municipalite": "Montréal", "ordre_enseignement": "Préscolaire - Primaire", "type_cs": "Franco", "imse": 6.03298066666667, "rang_decile_imse": 5, "sfr": 12.7798993846154, "rang_decile_sfr": 9, "nombre_eleves": 195}, "geometry": {"type": "Point", "coordinates": [-73.589151, 45.457309]}}, {"type": "Feature", "properties": {"nom": "Coeur-Immaculé-de-Marie", "rang": 49, "adresse": "1845, boulevard Desmarchais, Montréal, H4E2B7", "source": "MEQ", "annee_scolaire": "2025-2026", "code_organisme": "762165", "nom_organisme": "École Coeur-Immaculé-de-Marie", "code_css_cs": "762000", "nom_css_cs": "Centre de services scolaire de Montréal (762000)", "municipalite": "Montréal", "ordre_enseignement": "Préscolaire - Primaire", "type_cs": "Franco", "imse": 6.03298066666667, "rang_decile_imse": 5, "sfr": 12.7798993846154, "rang_decile_sfr": 9, "nombre_eleves": 195}, "geometry": {"type": "Point", "coordinates": [-73.589624, 45.455967]}}, {"type": "Feature", "properties": {"nom": "Dollard-des-Ormeaux", "rang": 293, "adresse": "6639, rue d'Aragon, Montréal, H4E3B4", "source": "MEQ", "annee_scolaire": "2025-2026", "code_organisme": "762166", "nom_organisme": "École Dollard-des-Ormeaux", "code_css_cs": "762000", "nom_css_cs": "Centre de services scolaire de Montréal (762000)", "municipalite": "Montréal", "ordre_enseignement": "Préscolaire - Primaire", "type_cs": "Franco", "imse": 13.0442644871795, "rang_decile_imse": 10, "sfr": 12.7112522222223, "rang_decile_sfr": 9, "nombre_eleves": 234}, "geometry": {"type": "Point", "coordinates": [-73.597503, 45.451566]}}, {"type": "Feature", "properties": {"nom": "Saint-Jean-de-Matha", "rang": 219, "adresse": "6970, rue Dumas, Montréal, H4E3A3", "source": "MEQ", "annee_scolaire": "2025-2026", "code_organisme": "762167", "nom_organisme": "École Saint-Jean-de-Matha", "code_css_cs": "762000", "nom_css_cs": "Centre de services scolaire de Montréal (762000)", "municipalite": "Montréal", "ordre_enseignement": "Préscolaire - Primaire", "type_cs": "Franco", "imse": 10.6069571354167, "rang_decile_imse": 9, "sfr": 17.1447633333333, "rang_decile_sfr": 10, "nombre_eleves": 192}, "geometry": {"type": "Point", "coordinates": [-73.596347, 45.448335]}}, {"type": "Feature", "properties": {"nom": "Les-Enfants-du-Monde", "rang": 224, "adresse": "5350, avenue Rosedale, Montréal, H4V2H9", "source": "MEQ", "annee_scolaire": "2025-2026", "code_organisme": "762169", "nom_organisme": "École Les-Enfants-du-Monde", "code_css_cs": "762000", "nom_css_cs": "Centre de services scolaire de Montréal (762000)", "municipalite": "Montréal", "ordre_enseignement": "Préscolaire - Primaire", "type_cs": "Franco", "imse": 10.7082595535715, "rang_decile_imse": 9, "sfr": 17.4107112202381, "rang_decile_sfr": 10, "nombre_eleves": 336}, "geometry": {"type": "Point", "coordinates": [-73.65023, 45.466948]}}, {"type": "Feature", "properties": {"nom": "Sainte-Catherine-de-Sienne", "rang": 150, "adresse": "7055, avenue Somerled, Montréal, H4V1V8", "source": "MEQ", "annee_scolaire": "2025-2026", "code_organisme": "762170", "nom_organisme": "École Sainte-Catherine-de-Sienne", "code_css_cs": "762000", "nom_css_cs": "Centre de services scolaire de Montréal (762000)", "municipalite": "Montréal", "ordre_enseignement": "Préscolaire - Primaire", "type_cs": "Franco", "imse": 8.9558475221239, "rang_decile_imse": 8, "sfr": 19.3257993362831, "rang_decile_sfr": 10, "nombre_eleves": 226}, "geometry": {"type": "Point", "coordinates": [-73.643912, 45.461278]}}, {"type": "Feature", "properties": {"nom": "Judith-Jasmin", "rang": 58, "adresse": "4575, avenue Mariette, Montréal, H4B2G3", "source": "MEQ", "annee_scolaire": "2025-2026", "code_organisme": "762171", "nom_organisme": "École Judith-Jasmin", "code_css_cs": "762000", "nom_css_cs": "Centre de services scolaire de Montréal (762000)", "municipalite": "Montréal", "ordre_enseignement": "Préscolaire - Primaire", "type_cs": "Franco", "imse": 6.16799076696164, "rang_decile_imse": 5, "sfr": 17.7484304129793, "rang_decile_sfr": 10, "nombre_eleves": 339}, "geometry": {"type": "Point", "coordinates": [-73.640118, 45.463024]}}, {"type": "Feature", "properties": {"nom": "Saint-Raymond", "rang": 232, "adresse": "2055, avenue d'Oxford, Montréal, H4A2X6", "source": "MEQ", "annee_scolaire": "2025-2026", "code_organisme": "762181", "nom_organisme": "École Saint-Raymond", "code_css_cs": "762000", "nom_css_cs": "Centre de services scolaire de Montréal (762000)", "municipalite": "Montréal", "ordre_enseignement": "Préscolaire - Primaire", "type_cs": "Franco", "imse": 10.9252977586207, "rang_decile_imse": 9, "sfr": 19.0301120689655, "rang_decile_sfr": 10, "nombre_eleves": 116}, "geometry": {"type": "Point", "coordinates": [-73.609991, 45.469468]}}, {"type": "Feature", "properties": {"nom": "Gadbois", "rang": 126, "adresse": "8305, rue Saint-André, Montréal, H2P1Y7", "source": "MEQ", "annee_scolaire": "2025-2026", "code_organisme": "762201", "nom_organisme": "École Gadbois", "code_css_cs": "762000", "nom_css_cs": "Centre de services scolaire de Montréal (762000)", "municipalite": "Montréal", "ordre_enseignement": "Préscolaire - Primaire", "type_cs": "Franco", "imse": 8.49290012711865, "rang_decile_imse": 7, "sfr": 9.70567983050848, "rang_decile_sfr": 8, "nombre_eleves": 236}, "geometry": {"type": "Point", "coordinates": [-73.628584, 45.548064]}}, {"type": "Feature", "properties": {"nom": "Victor-Doré", "rang": 168, "adresse": "1350, boulevard Crémazie Est, Montréal, H2E1A1", "source": "MEQ", "annee_scolaire": "2025-2026", "code_organisme": "762205", "nom_organisme": "École Victor-Doré", "code_css_cs": "762000", "nom_css_cs": "Centre de services scolaire de Montréal (762000)", "municipalite": "Montréal", "ordre_enseignement": "Préscolaire - Primaire", "type_cs": "Franco", "imse": 9.26837143884892, "rang_decile_imse": 8, "sfr": 11.0353337410072, "rang_decile_sfr": 9, "nombre_eleves": 139}, "geometry": {"type": "Point", "coordinates": [-73.624714, 45.551745]}}, {"type": "Feature", "properties": {"nom": "Charles-Bruneau", "rang": 251, "adresse": "2515, rue Holt, Montréal, H1Y1N4", "source": "MEQ", "annee_scolaire": "2025-2026", "code_organisme": "762207", "nom_organisme": "École Charles-Bruneau", "code_css_cs": "762000", "nom_css_cs": "Centre de services scolaire de Montréal (762000)", "municipalite": "Montréal", "ordre_enseignement": "Primaire", "type_cs": "Franco", "imse": 11.6650137864078, "rang_decile_imse": 9, "sfr": 16.1772317475728, "rang_decile_sfr": 10, "nombre_eleves": 103}, "geometry": {"type": "Point", "coordinates": [-73.583454, 45.54595]}}, {"type": "Feature", "properties": {"nom": "Saint-Pierre-Apôtre", "rang": 281, "adresse": "8550, rue Clark, Montréal, H2P2N7", "source": "MEQ", "annee_scolaire": "2025-2026", "code_organisme": "762209", "nom_organisme": "École Saint-Pierre-Apôtre", "code_css_cs": "762000", "nom_css_cs": "Centre de services scolaire de Montréal (762000)", "municipalite": "Montréal", "ordre_enseignement": "Préscolaire - Primaire", "type_cs": "Franco", "imse": 12.5594472164948, "rang_decile_imse": 9, "sfr": 15.6122820618557, "rang_decile_sfr": 10, "nombre_eleves": 97}, "geometry": {"type": "Point", "coordinates": [-73.639501, 45.540028]}}, {"type": "Feature", "properties": {"nom": "Lambert-Closse", "rang": 298, "adresse": "5840, rue Saint-Urbain, Montréal, H2T2X5", "source": "MEQ", "annee_scolaire": "2025-2026", "code_organisme": "762215", "nom_organisme": "École de l'Étincelle", "code_css_cs": "762000", "nom_css_cs": "Centre de services scolaire de Montréal (762000)", "municipalite": "Montréal", "ordre_enseignement": "Préscolaire - Primaire", "type_cs": "Franco", "imse": 13.4795780582524, "rang_decile_imse": 10, "sfr": 16.7849501941748, "rang_decile_sfr": 10, "nombre_eleves": 103}, "geometry": {"type": "Point", "coordinates": [-73.604199, 45.526096]}}, {"type": "Feature", "properties": {"nom": "De l'Étincelle", "rang": 297, "adresse": "6080, avenue de l'Esplanade, Montréal, H2T3A3", "source": "MEQ", "annee_scolaire": "2025-2026", "code_organisme": "762215", "nom_organisme": "École de l'Étincelle", "code_css_cs": "762000", "nom_css_cs": "Centre de services scolaire de Montréal (762000)", "municipalite": "Montréal", "ordre_enseignement": "Préscolaire - Primaire", "type_cs": "Franco", "imse": 13.4795780582524, "rang_decile_imse": 10, "sfr": 16.7849501941748, "rang_decile_sfr": 10, "nombre_eleves": 103}, "geometry": {"type": "Point", "coordinates": [-73.607988, 45.52633]}}, {"type": "Feature", "properties": {"nom": "Irénée-Lussier", "rang": 248, "adresse": "4420, rue Hochelaga, Montréal, H1V0C1", "source": "MEQ", "annee_scolaire": "2025-2026", "code_organisme": "762221", "nom_organisme": "École Irénée-Lussier", "code_css_cs": "762000", "nom_css_cs": "Centre de services scolaire de Montréal (762000)", "municipalite": "Montréal", "ordre_enseignement": "Secondaire", "type_cs": "Franco", "imse": 11.564419348659, "rang_decile_imse": 10, "sfr": 15.8606248275862, "rang_decile_sfr": 10, "nombre_eleves": 261}, "geometry": {"type": "Point", "coordinates": [-73.545771, 45.555751]}}, {"type": "Feature", "properties": {"nom": "Irénée-Lussier, annexe Décarie", "rang": 249, "adresse": "4434, boulevard Décarie, Montréal, H4A3P2", "source": "MEQ", "annee_scolaire": "2025-2026", "code_organisme": "762221", "nom_organisme": "École Irénée-Lussier", "code_css_cs": "762000", "nom_css_cs": "Centre de services scolaire de Montréal (762000)", "municipalite": "Montréal", "ordre_enseignement": "Secondaire", "type_cs": "Franco", "imse": 11.564419348659, "rang_decile_imse": 10, "sfr": 15.8606248275862, "rang_decile_sfr": 10, "nombre_eleves": 261}, "geometry": {"type": "Point", "coordinates": [-73.622393, 45.479782]}}, {"type": "Feature", "properties": {"nom": "Joseph-Charbonneau", "rang": 166, "adresse": "8200, rue Rousselot, Montréal, H2E1Z6", "source": "MEQ", "annee_scolaire": "2025-2026", "code_organisme": "762225", "nom_organisme": "École Joseph-Charbonneau", "code_css_cs": "762000", "nom_css_cs": "Centre de services scolaire de Montréal (762000)", "municipalite": "Montréal", "ordre_enseignement": "Secondaire", "type_cs": "Franco", "imse": 9.21980248803827, "rang_decile_imse": 8, "sfr": 11.5054148803828, "rang_decile_sfr": 9, "nombre_eleves": 209}, "geometry": {"type": "Point", "coordinates": [-73.622874, 45.551421]}}, {"type": "Feature", "properties": {"nom": "Institut de réadaptation", "rang": 165, "adresse": "6300, avenue Darlington, Montréal, H3S2J4", "source": "MEQ", "annee_scolaire": "2025-2026", "code_organisme": "762225", "nom_organisme": "École Joseph-Charbonneau", "code_css_cs": "762000", "nom_css_cs": "Centre de services scolaire de Montréal (762000)", "municipalite": "Montréal", "ordre_enseignement": "Secondaire", "type_cs": "Franco", "imse": 9.21980248803827, "rang_decile_imse": 8, "sfr": 11.5054148803828, "rang_decile_sfr": 9, "nombre_eleves": 209}, "geometry": {"type": "Point", "coordinates": [-73.628778, 45.508069]}}, {"type": "Feature", "properties": {"nom": "Henri-Julien", "rang": 264, "adresse": "8150, rue Rousselot, Montréal, H2E1Z6", "source": "MEQ", "annee_scolaire": "2025-2026", "code_organisme": "762226", "nom_organisme": "École Henri-Julien", "code_css_cs": "762000", "nom_css_cs": "Centre de services scolaire de Montréal (762000)", "municipalite": "Montréal", "ordre_enseignement": "Secondaire", "type_cs": "Franco", "imse": 12.0598264516129, "rang_decile_imse": 10, "sfr": 15.4444834408602, "rang_decile_sfr": 10, "nombre_eleves": 93}, "geometry": {"type": "Point", "coordinates": [-73.621929, 45.550827]}}, {"type": "Feature", "properties": {"nom": "Le Vitrail", "rang": 70, "adresse": "5927, rue Boyer, Montréal, H2S2H8", "source": "MEQ", "annee_scolaire": "2025-2026", "code_organisme": "762248", "nom_organisme": "École Le Vitrail", "code_css_cs": "762000", "nom_css_cs": "Centre de services scolaire de Montréal (762000)", "municipalite": "Montréal", "ordre_enseignement": "Préscolaire - Primaire - Secondaire", "type_cs": "Franco", "imse": 6.57253163636364, "rang_decile_imse": 5, "sfr": 9.83969999999999, "rang_decile_sfr": 8, "nombre_eleves": 110}, "geometry": {"type": "Point", "coordinates": [-73.59726, 45.535087]}}, {"type": "Feature", "properties": {"nom": "Louise-Trichet", "rang": 187, "adresse": "2800, boulevard Lapointe, Montréal, H1L5M1", "source": "MEQ", "annee_scolaire": "2025-2026", "code_organisme": "762252", "nom_organisme": "École Louise-Trichet", "code_css_cs": "762000", "nom_css_cs": "Centre de services scolaire de Montréal (762000)", "municipalite": "Montréal", "ordre_enseignement": "Secondaire", "type_cs": "Franco", "imse": 9.74063844006566, "rang_decile_imse": 8, "sfr": 10.9841835139573, "rang_decile_sfr": 9, "nombre_eleves": 609}, "geometry": {"type": "Point", "coordinates": [-73.525413, 45.597817]}}, {"type": "Feature", "properties": {"nom": "Académie Dunton", "rang": 216, "adresse": "5555, rue de Boucherville, Montréal, H1K4B6", "source": "MEQ", "annee_scolaire": "2025-2026", "code_organisme": "762253", "nom_organisme": "Académie Dunton", "code_css_cs": "762000", "nom_css_cs": "Centre de services scolaire de Montréal (762000)", "municipalite": "Montréal", "ordre_enseignement": "Secondaire", "type_cs": "Franco", "imse": 10.4590032742155, "rang_decile_imse": 9, "sfr": 12.8698807094134, "rang_decile_sfr": 9, "nombre_eleves": 733}, "geometry": {"type": "Point", "coordinates": [-73.543867, 45.596233]}}, {"type": "Feature", "properties": {"nom": "Louis-Riel", "rang": 137, "adresse": "5850, avenue de Carignan, Montréal, H1M2V4", "source": "MEQ", "annee_scolaire": "2025-2026", "code_organisme": "762254", "nom_organisme": "École Louis-Riel", "code_css_cs": "762000", "nom_css_cs": "Centre de services scolaire de Montréal (762000)", "municipalite": "Montréal", "ordre_enseignement": "Secondaire", "type_cs": "Franco", "imse": 8.68853960410562, "rang_decile_imse": 7, "sfr": 12.9454439442816, "rang_decile_sfr": 9, "nombre_eleves": 1364}, "geometry": {"type": "Point", "coordinates": [-73.556067, 45.583588]}}, {"type": "Feature", "properties": {"nom": "Édouard-Montpetit", "rang": 206, "adresse": "6200, ave. Pierre-De Coubertin, Montréal, H1N1S4", "source": "MEQ", "annee_scolaire": "2025-2026", "code_organisme": "762256", "nom_organisme": "École Édouard-Montpetit", "code_css_cs": "762000", "nom_css_cs": "Centre de services scolaire de Montréal (762000)", "municipalite": "Montréal", "ordre_enseignement": "Secondaire", "type_cs": "Franco", "imse": 10.1985135513408, "rang_decile_imse": 9, "sfr": 13.6072726945716, "rang_decile_sfr": 9, "nombre_eleves": 1529}, "geometry": {"type": "Point", "coordinates": [-73.535646, 45.576505]}}, {"type": "Feature", "properties": {"nom": "Marguerite-De Lajemmerais", "rang": 159, "adresse": "5555, rue Sherbrooke Est, Montréal, H1N1A2", "source": "MEQ", "annee_scolaire": "2025-2026", "code_organisme": "762258", "nom_organisme": "École Marguerite-De Lajemmerais", "code_css_cs": "762000", "nom_css_cs": "Centre de services scolaire de Montréal (762000)", "municipalite": "Montréal", "ordre_enseignement": "Secondaire", "type_cs": "Franco", "imse": 9.09555296774193, "rang_decile_imse": 8, "sfr": 13.2991702211982, "rang_decile_sfr": 9, "nombre_eleves": 1085}, "geometry": {"type": "Point", "coordinates": [-73.552125, 45.571762]}}, {"type": "Feature", "properties": {"nom": "Transitoire - Chomedey-De Maisonneuve", "rang": 286, "adresse": "4100, rue Hochelaga, Montréal, H1V1B6", "source": "MEQ", "annee_scolaire": "2025-2026", "code_organisme": "762259", "nom_organisme": "École Chomedey-De Maisonneuve", "code_css_cs": "762000", "nom_css_cs": "Centre de services scolaire de Montréal (762000)", "municipalite": "Montréal", "ordre_enseignement": "Secondaire", "type_cs": "Franco", "imse": 12.7163674738676, "rang_decile_imse": 10, "sfr": 15.3873487804878, "rang_decile_sfr": 10, "nombre_eleves": 574}, "geometry": {"type": "Point", "coordinates": [-73.546626, 45.552529]}}, {"type": "Feature", "properties": {"nom": "Chomedey-de-Maisonneuve", "rang": 285, "adresse": "1860, avenue Morgan, Montréal, H1V2R2", "source": "MEQ", "annee_scolaire": "2025-2026", "code_organisme": "762259", "nom_organisme": "École Chomedey-De Maisonneuve", "code_css_cs": "762000", "nom_css_cs": "Centre de services scolaire de Montréal (762000)", "municipalite": "Montréal", "ordre_enseignement": "Secondaire", "type_cs": "Franco", "imse": 12.7163674738676, "rang_decile_imse": 10, "sfr": 15.3873487804878, "rang_decile_sfr": 10, "nombre_eleves": 574}, "geometry": {"type": "Point", "coordinates": [-73.538571, 45.552601]}}, {"type": "Feature", "properties": {"nom": "Eulalie-Durocher", "rang": 236, "adresse": "2455, avenue Letourneux, Montréal, H1V2N9", "source": "MEQ", "annee_scolaire": "2025-2026", "code_organisme": "762260", "nom_organisme": "École Eulalie-Durocher", "code_css_cs": "762000", "nom_css_cs": "Centre de services scolaire de Montréal (762000)", "municipalite": "Montréal", "ordre_enseignement": "Secondaire", "type_cs": "Franco", "imse": 11.0346286221591, "rang_decile_imse": 9, "sfr": 14.1543492613636, "rang_decile_sfr": 10, "nombre_eleves": 704}, "geometry": {"type": "Point", "coordinates": [-73.546271, 45.554707]}}, {"type": "Feature", "properties": {"nom": "Joseph-François-Perrault", "rang": 310, "adresse": "7450, rue François-Perrault, Montréal, H2A1L9", "source": "MEQ", "annee_scolaire": "2025-2026", "code_organisme": "762262", "nom_organisme": "École Joseph-François-Perrault", "code_css_cs": "762000", "nom_css_cs": "Centre de services scolaire de Montréal (762000)", "municipalite": "Montréal", "ordre_enseignement": "Secondaire", "type_cs": "Franco", "imse": 14.5757734473323, "rang_decile_imse": 10, "sfr": 15.5340836525308, "rang_decile_sfr": 10, "nombre_eleves": 1462}, "geometry": {"type": "Point", "coordinates": [-73.600014, 45.563275]}}, {"type": "Feature", "properties": {"nom": "Joseph-François-Perrault, annexe", "rang": 311, "adresse": "7411, 17e Avenue, Montréal, H2A2R7", "source": "MEQ", "annee_scolaire": "2025-2026", "code_organisme": "762262", "nom_organisme": "École Joseph-François-Perrault", "code_css_cs": "762000", "nom_css_cs": "Centre de services scolaire de Montréal (762000)", "municipalite": "Montréal", "ordre_enseignement": "Secondaire", "type_cs": "Franco", "imse": 14.5757734473323, "rang_decile_imse": 10, "sfr": 15.5340836525308, "rang_decile_sfr": 10, "nombre_eleves": 1462}, "geometry": {"type": "Point", "coordinates": [-73.59816, 45.564778]}}, {"type": "Feature", "properties": {"nom": "Louis-Joseph-Papineau", "rang": 335, "adresse": "2901, rue de Louvain Est, Montréal, H1Z1J7", "source": "MEQ", "annee_scolaire": "2025-2026", "code_organisme": "762263", "nom_organisme": "École Louis-Joseph-Papineau", "code_css_cs": "762000", "nom_css_cs": "Centre de services scolaire de Montréal (762000)", "municipalite": "Montréal", "ordre_enseignement": "Secondaire", "type_cs": "Franco", "imse": 19.6134757910448, "rang_decile_imse": 10, "sfr": 20.9075878865671, "rang_decile_sfr": 10, "nombre_eleves": 1675}, "geometry": {"type": "Point", "coordinates": [-73.63393, 45.571321]}}, {"type": "Feature", "properties": {"nom": "Pierre-Dupuy", "rang": 240, "adresse": "2000, rue Parthenais, Montréal, H2K3S9", "source": "MEQ", "annee_scolaire": "2025-2026", "code_organisme": "762264", "nom_organisme": "École Pierre-Dupuy", "code_css_cs": "762000", "nom_css_cs": "Centre de services scolaire de Montréal (762000)", "municipalite": "Montréal", "ordre_enseignement": "Secondaire", "type_cs": "Franco", "imse": 11.1820723834197, "rang_decile_imse": 9, "sfr": 15.6784031606218, "rang_decile_sfr": 10, "nombre_eleves": 386}, "geometry": {"type": "Point", "coordinates": [-73.557683, 45.529219]}}, {"type": "Feature", "properties": {"nom": "Jeanne-Mance", "rang": 94, "adresse": "4240, rue de Bordeaux, Montréal, H2H1Z5", "source": "MEQ", "annee_scolaire": "2025-2026", "code_organisme": "762265", "nom_organisme": "École Jeanne-Mance", "code_css_cs": "762000", "nom_css_cs": "Centre de services scolaire de Montréal (762000)", "municipalite": "Montréal", "ordre_enseignement": "Secondaire", "type_cs": "Franco", "imse": 7.57608793880837, "rang_decile_imse": 6, "sfr": 12.6663139130435, "rang_decile_sfr": 9, "nombre_eleves": 1242}, "geometry": {"type": "Point", "coordinates": [-73.569905, 45.532288]}}, {"type": "Feature", "properties": {"nom": "Georges-Vanier", "rang": 230, "adresse": "1205, rue Jarry Est, Montréal, H2P1W9", "source": "MEQ", "annee_scolaire": "2025-2026", "code_organisme": "762267", "nom_organisme": "Académie De Roberval", "code_css_cs": "762000", "nom_css_cs": "Centre de services scolaire de Montréal (762000)", "municipalite": "Montréal", "ordre_enseignement": "Secondaire", "type_cs": "Franco", "imse": 10.9141913297872, "rang_decile_imse": 9, "sfr": 13.5442906382979, "rang_decile_sfr": 9, "nombre_eleves": 564}, "geometry": {"type": "Point", "coordinates": [-73.625286, 45.550206]}}, {"type": "Feature", "properties": {"nom": "Académie de Roberval", "rang": 229, "adresse": "1370, rue de Castelnau Est, Montréal, H2E2A1", "source": "MEQ", "annee_scolaire": "2025-2026", "code_organisme": "762267", "nom_organisme": "Académie De Roberval", "code_css_cs": "762000", "nom_css_cs": "Centre de services scolaire de Montréal (762000)", "municipalite": "Montréal", "ordre_enseignement": "Secondaire", "type_cs": "Franco", "imse": 10.9141913297872, "rang_decile_imse": 9, "sfr": 13.5442906382979, "rang_decile_sfr": 9, "nombre_eleves": 564}, "geometry": {"type": "Point", "coordinates": [-73.611984, 45.544996]}}, {"type": "Feature", "properties": {"nom": "Père-Marquette", "rang": 42, "adresse": "6030, rue Marquette, Montréal, H2G2Y2", "source": "MEQ", "annee_scolaire": "2025-2026", "code_organisme": "762268", "nom_organisme": "École Père-Marquette", "code_css_cs": "762000", "nom_css_cs": "Centre de services scolaire de Montréal (762000)", "municipalite": "Montréal", "ordre_enseignement": "Secondaire", "type_cs": "Franco", "imse": 5.65773463485185, "rang_decile_imse": 4, "sfr": 9.53214786695591, "rang_decile_sfr": 8, "nombre_eleves": 1383}, "geometry": {"type": "Point", "coordinates": [-73.593372, 45.540883]}}, {"type": "Feature", "properties": {"nom": "Georges-Vanier", "rang": 309, "adresse": "1205, rue Jarry Est, Montréal, H2P1W9", "source": "MEQ", "annee_scolaire": "2025-2026", "code_organisme": "762269", "nom_organisme": "École Georges-Vanier", "code_css_cs": "762000", "nom_css_cs": "Centre de services scolaire de Montréal (762000)", "municipalite": "Montréal", "ordre_enseignement": "Secondaire", "type_cs": "Franco", "imse": 14.3623589038634, "rang_decile_imse": 10, "sfr": 16.1975566397124, "rang_decile_sfr": 10, "nombre_eleves": 1113}, "geometry": {"type": "Point", "coordinates": [-73.625286, 45.550206]}}, {"type": "Feature", "properties": {"nom": "Sophie-Barat", "rang": 145, "adresse": "1239, boulevard Gouin Est, Montréal, H2C1B3", "source": "MEQ", "annee_scolaire": "2025-2026", "code_organisme": "762271", "nom_organisme": "École Sophie-Barat", "code_css_cs": "762000", "nom_css_cs": "Centre de services scolaire de Montréal (762000)", "municipalite": "Montréal", "ordre_enseignement": "Secondaire", "type_cs": "Franco", "imse": 8.89701927847345, "rang_decile_imse": 8, "sfr": 12.6986282051282, "rang_decile_sfr": 9, "nombre_eleves": 1677}, "geometry": {"type": "Point", "coordinates": [-73.667442, 45.561997]}}, {"type": "Feature", "properties": {"nom": "Sophie-Barat, annexe", "rang": 145, "adresse": "750, boulevard Gouin Est, Montréal, H2C1A6", "source": "MEQ", "annee_scolaire": "2025-2026", "code_organisme": "762271", "nom_organisme": "École Sophie-Barat", "code_css_cs": "762000", "nom_css_cs": "Centre de services scolaire de Montréal (762000)", "municipalite": "Montréal", "ordre_enseignement": "Secondaire", "type_cs": "Franco", "imse": 8.89701927847345, "rang_decile_imse": 8, "sfr": 12.6986282051282, "rang_decile_sfr": 9, "nombre_eleves": 1677}, "geometry": {"type": "Point", "coordinates": [-73.668072, 45.558145]}}, {"type": "Feature", "properties": {"nom": "Sophie-Barat, annexe temporaire", "rang": 146, "adresse": "8961, 6e Avenue, Montréal, H1Z2T7", "source": "MEQ", "annee_scolaire": "2025-2026", "code_organisme": "762271", "nom_organisme": "École Sophie-Barat", "code_css_cs": "762000", "nom_css_cs": "Centre de services scolaire de Montréal (762000)", "municipalite": "Montréal", "ordre_enseignement": "Secondaire", "type_cs": "Franco", "imse": 8.89701927847345, "rang_decile_imse": 8, "sfr": 12.6986282051282, "rang_decile_sfr": 9, "nombre_eleves": 1677}, "geometry": {"type": "Point", "coordinates": [-73.627581, 45.56845]}}, {"type": "Feature", "properties": {"nom": "Robert-Gravel", "rang": 66, "adresse": "38, avenue Fairmount Est, Montréal, H2T1C9", "source": "MEQ", "annee_scolaire": "2025-2026", "code_organisme": "762274", "nom_organisme": "École Robert-Gravel", "code_css_cs": "762000", "nom_css_cs": "Centre de services scolaire de Montréal (762000)", "municipalite": "Montréal", "ordre_enseignement": "Secondaire", "type_cs": "Franco", "imse": 6.46593486486486, "rang_decile_imse": 5, "sfr": 10.6960795010395, "rang_decile_sfr": 9, "nombre_eleves": 481}, "geometry": {"type": "Point", "coordinates": [-73.593701, 45.524629]}}, {"type": "Feature", "properties": {"nom": "Marie-Anne", "rang": 275, "adresse": "100, rue Sauvé Est, Montréal, H3L1H1", "source": "MEQ", "annee_scolaire": "2025-2026", "code_organisme": "762276", "nom_organisme": "École Marie-Anne", "code_css_cs": "762000", "nom_css_cs": "Centre de services scolaire de Montréal (762000)", "municipalite": "Montréal", "ordre_enseignement": "Secondaire", "type_cs": "Franco", "imse": 12.3088030823738, "rang_decile_imse": 10, "sfr": 15.7277900531444, "rang_decile_sfr": 10, "nombre_eleves": 1129}, "geometry": {"type": "Point", "coordinates": [-73.658784, 45.548209]}}, {"type": "Feature", "properties": {"nom": "Marie-Anne, annexe Rosalie-Jetté", "rang": 275, "adresse": "5100, rue Bossuet, Montréal, H1M2M4", "source": "MEQ", "annee_scolaire": "2025-2026", "code_organisme": "762276", "nom_organisme": "École Marie-Anne", "code_css_cs": "762000", "nom_css_cs": "Centre de services scolaire de Montréal (762000)", "municipalite": "Montréal", "ordre_enseignement": "Secondaire", "type_cs": "Franco", "imse": 12.3088030823738, "rang_decile_imse": 10, "sfr": 15.7277900531444, "rang_decile_sfr": 10, "nombre_eleves": 1129}, "geometry": {"type": "Point", "coordinates": [-73.551805, 45.577414]}}, {"type": "Feature", "properties": {"nom": "Lucien-Pagé", "rang": 330, "adresse": "8200, boulevard Saint-Laurent, Montréal, H2P2L8", "source": "MEQ", "annee_scolaire": "2025-2026", "code_organisme": "762278", "nom_organisme": "École Lucien-Pagé", "code_css_cs": "762000", "nom_css_cs": "Centre de services scolaire de Montréal (762000)", "municipalite": "Montréal", "ordre_enseignement": "Secondaire", "type_cs": "Franco", "imse": 17.0733281481482, "rang_decile_imse": 10, "sfr": 21.6981569993722, "rang_decile_sfr": 10, "nombre_eleves": 1593}, "geometry": {"type": "Point", "coordinates": [-73.633611, 45.538453]}}, {"type": "Feature", "properties": {"nom": "Gilles-Vigneault, annexe temporaire", "rang": 259, "adresse": "2005, rue Victor-Doré, Montréal, H3M1S4", "source": "MEQ", "annee_scolaire": "2025-2026", "code_organisme": "762282", "nom_organisme": "École La Dauversière-Évangéline", "code_css_cs": "762000", "nom_css_cs": "Centre de services scolaire de Montréal (762000)", "municipalite": "Montréal", "ordre_enseignement": "Secondaire", "type_cs": "Franco", "imse": 11.8962025573979, "rang_decile_imse": 10, "sfr": 18.0268987436225, "rang_decile_sfr": 10, "nombre_eleves": 1568}, "geometry": {"type": "Point", "coordinates": [-73.689159, 45.536356]}}, {"type": "Feature", "properties": {"nom": "Marcelin-Wilson, bâtiment La Dauversière", "rang": 261, "adresse": "11600, boulevard de l'Acadie, Montréal, H3M2T2", "source": "MEQ", "annee_scolaire": "2025-2026", "code_organisme": "762282", "nom_organisme": "École La Dauversière-Évangéline", "code_css_cs": "762000", "nom_css_cs": "Centre de services scolaire de Montréal (762000)", "municipalite": "Montréal", "ordre_enseignement": "Secondaire", "type_cs": "Franco", "imse": 11.8962025573979, "rang_decile_imse": 10, "sfr": 18.0268987436225, "rang_decile_sfr": 10, "nombre_eleves": 1568}, "geometry": {"type": "Point", "coordinates": [-73.688713, 45.537157]}}, {"type": "Feature", "properties": {"nom": "Marcelin-Wilson, bâtiment Évangéline", "rang": 260, "adresse": "11845, boulevard de l'Acadie, Montréal, H3M2T4", "source": "MEQ", "annee_scolaire": "2025-2026", "code_organisme": "762282", "nom_organisme": "École La Dauversière-Évangéline", "code_css_cs": "762000", "nom_css_cs": "Centre de services scolaire de Montréal (762000)", "municipalite": "Montréal", "ordre_enseignement": "Secondaire", "type_cs": "Franco", "imse": 11.8962025573979, "rang_decile_imse": 10, "sfr": 18.0268987436225, "rang_decile_sfr": 10, "nombre_eleves": 1568}, "geometry": {"type": "Point", "coordinates": [-73.691157, 45.539821]}}, {"type": "Feature", "properties": {"nom": "Transitoire - International de Montréal", "rang": 106, "adresse": "3641, avenue Prud'homme, Montréal, H4A3H6", "source": "MEQ", "annee_scolaire": "2025-2026", "code_organisme": "762284", "nom_organisme": "École internationale de Montréal", "code_css_cs": "762000", "nom_css_cs": "Centre de services scolaire de Montréal (762000)", "municipalite": "Montréal", "ordre_enseignement": "Préscolaire - Primaire", "type_cs": "Franco", "imse": 7.98272500910746, "rang_decile_imse": 7, "sfr": 15.2125480692168, "rang_decile_sfr": 10, "nombre_eleves": 549}, "geometry": {"type": "Point", "coordinates": [-73.613177, 45.475561]}}, {"type": "Feature", "properties": {"nom": "Saint-Luc, annexe temporaire", "rang": 105, "adresse": "5010, avenue Coolbrook, Montréal, H3X2K9", "source": "MEQ", "annee_scolaire": "2025-2026", "code_organisme": "762284", "nom_organisme": "École internationale de Montréal", "code_css_cs": "762000", "nom_css_cs": "Centre de services scolaire de Montréal (762000)", "municipalite": "Montréal", "ordre_enseignement": "Préscolaire - Primaire", "type_cs": "Franco", "imse": 7.98272500910746, "rang_decile_imse": 7, "sfr": 15.2125480692168, "rang_decile_sfr": 10, "nombre_eleves": 549}, "geometry": {"type": "Point", "coordinates": [-73.629678, 45.482239]}}, {"type": "Feature", "properties": {"nom": "Transitoire - Saint-Henri", "rang": 243, "adresse": "633, rue de Courcelle, Montréal, H4C3C7", "source": "MEQ", "annee_scolaire": "2025-2026", "code_organisme": "762286", "nom_organisme": "École Saint-Henri", "code_css_cs": "762000", "nom_css_cs": "Centre de services scolaire de Montréal (762000)", "municipalite": "Montréal", "ordre_enseignement": "Secondaire", "type_cs": "Franco", "imse": 11.2143562962963, "rang_decile_imse": 9, "sfr": 19.2158705516154, "rang_decile_sfr": 10, "nombre_eleves": 1269}, "geometry": {"type": "Point", "coordinates": [-73.591725, 45.474454]}}, {"type": "Feature", "properties": {"nom": "Saint-Henri", "rang": 242, "adresse": "4115, rue Saint-Jacques Ouest, Montréal, H4C1J3", "source": "MEQ", "annee_scolaire": "2025-2026", "code_organisme": "762286", "nom_organisme": "École Saint-Henri", "code_css_cs": "762000", "nom_css_cs": "Centre de services scolaire de Montréal (762000)", "municipalite": "Montréal", "ordre_enseignement": "Secondaire", "type_cs": "Franco", "imse": 11.2143562962963, "rang_decile_imse": 9, "sfr": 19.2158705516154, "rang_decile_sfr": 10, "nombre_eleves": 1269}, "geometry": {"type": "Point", "coordinates": [-73.586843, 45.47764]}}, {"type": "Feature", "properties": {"nom": "Honoré-Mercier", "rang": 279, "adresse": "1935, boulevard Desmarchais, Montréal, H4E2B9", "source": "MEQ", "annee_scolaire": "2025-2026", "code_organisme": "762287", "nom_organisme": "École Honoré-Mercier", "code_css_cs": "762000", "nom_css_cs": "Centre de services scolaire de Montréal (762000)", "municipalite": "Montréal", "ordre_enseignement": "Secondaire", "type_cs": "Franco", "imse": 12.433637178808, "rang_decile_imse": 10, "sfr": 15.9587985033112, "rang_decile_sfr": 10, "nombre_eleves": 755}, "geometry": {"type": "Point", "coordinates": [-73.591707, 45.456048]}}, {"type": "Feature", "properties": {"nom": "La Voie", "rang": 256, "adresse": "6755, rue Lavoie, Montréal, H3W2K8", "source": "MEQ", "annee_scolaire": "2025-2026", "code_organisme": "762288", "nom_organisme": "École La Voie", "code_css_cs": "762000", "nom_css_cs": "Centre de services scolaire de Montréal (762000)", "municipalite": "Montréal", "ordre_enseignement": "Secondaire", "type_cs": "Franco", "imse": 11.8463991111112, "rang_decile_imse": 10, "sfr": 16.6606347377778, "rang_decile_sfr": 10, "nombre_eleves": 1125}, "geometry": {"type": "Point", "coordinates": [-73.640595, 45.499735]}}, {"type": "Feature", "properties": {"nom": "Saint-Luc, annexe temporaire", "rang": 101, "adresse": "5010, avenue Coolbrook, Montréal, H3X2K9", "source": "MEQ", "annee_scolaire": "2025-2026", "code_organisme": "762291", "nom_organisme": "École Saint-Luc", "code_css_cs": "762000", "nom_css_cs": "Centre de services scolaire de Montréal (762000)", "municipalite": "Montréal", "ordre_enseignement": "Secondaire", "type_cs": "Franco", "imse": 7.88948334599159, "rang_decile_imse": 7, "sfr": 17.584660113924, "rang_decile_sfr": 10, "nombre_eleves": 2370}, "geometry": {"type": "Point", "coordinates": [-73.629678, 45.482239]}}, {"type": "Feature", "properties": {"nom": "Saint-Luc, annexe Terrebonne", "rang": 102, "adresse": "7315, rue de Terrebonne, Montréal, H4B1E3", "source": "MEQ", "annee_scolaire": "2025-2026", "code_organisme": "762291", "nom_organisme": "École Saint-Luc", "code_css_cs": "762000", "nom_css_cs": "Centre de services scolaire de Montréal (762000)", "municipalite": "Montréal", "ordre_enseignement": "Secondaire", "type_cs": "Franco", "imse": 7.88948334599159, "rang_decile_imse": 7, "sfr": 17.584660113924, "rang_decile_sfr": 10, "nombre_eleves": 2370}, "geometry": {"type": "Point", "coordinates": [-73.64352, 45.457354]}}, {"type": "Feature", "properties": {"nom": "Saint-Luc, annexe", "rang": 100, "adresse": "3744, avenue Prud'homme, Montréal, H4A3H4", "source": "MEQ", "annee_scolaire": "2025-2026", "code_organisme": "762291", "nom_organisme": "École Saint-Luc", "code_css_cs": "762000", "nom_css_cs": "Centre de services scolaire de Montréal (762000)", "municipalite": "Montréal", "ordre_enseignement": "Secondaire", "type_cs": "Franco", "imse": 7.88948334599159, "rang_decile_imse": 7, "sfr": 17.584660113924, "rang_decile_sfr": 10, "nombre_eleves": 2370}, "geometry": {"type": "Point", "coordinates": [-73.613775, 45.475237]}}, {"type": "Feature", "properties": {"nom": "Saint-Luc", "rang": 99, "adresse": "6300, chemin de la Côte-St-Luc, Montréal, H3X2H4", "source": "MEQ", "annee_scolaire": "2025-2026", "code_organisme": "762291", "nom_organisme": "École Saint-Luc", "code_css_cs": "762000", "nom_css_cs": "Centre de services scolaire de Montréal (762000)", "municipalite": "Montréal", "ordre_enseignement": "Secondaire", "type_cs": "Franco", "imse": 7.88948334599159, "rang_decile_imse": 7, "sfr": 17.584660113924, "rang_decile_sfr": 10, "nombre_eleves": 2370}, "geometry": {"type": "Point", "coordinates": [-73.642922, 45.473698]}}, {"type": "Feature", "properties": {"nom": "Bois-Franc-Aquarelle, édifice Aquarelle", "rang": 312, "adresse": "2080, rue de Londres, Montréal, H4L3A6", "source": "MEQ", "annee_scolaire": "2025-2026", "code_organisme": "763005", "nom_organisme": "École Bois-Franc-Aquarelle", "code_css_cs": "763000", "nom_css_cs": "Centre de services scolaire Marguerite-Bourgeoys (763000)", "municipalite": "Montréal", "ordre_enseignement": "Préscolaire - Primaire", "type_cs": "Franco", "imse": 14.7212627713626, "rang_decile_imse": 10, "sfr": 19.083014665127, "rang_decile_sfr": 10, "nombre_eleves": 433}, "geometry": {"type": "Point", "coordinates": [-73.699333, 45.522208]}}, {"type": "Feature", "properties": {"nom": "Bois-Franc-Aquarelle, édifice Bois-Franc", "rang": 313, "adresse": "2085, rue de Londres, Montréal, H4L3A5", "source": "MEQ", "annee_scolaire": "2025-2026", "code_organisme": "763005", "nom_organisme": "École Bois-Franc-Aquarelle", "code_css_cs": "763000", "nom_css_cs": "Centre de services scolaire Marguerite-Bourgeoys (763000)", "municipalite": "Montréal", "ordre_enseignement": "Préscolaire - Primaire", "type_cs": "Franco", "imse": 14.7212627713626, "rang_decile_imse": 10, "sfr": 19.083014665127, "rang_decile_sfr": 10, "nombre_eleves": 433}, "geometry": {"type": "Point", "coordinates": [-73.698388, 45.523153]}}, {"type": "Feature", "properties": {"nom": "Cardinal-Léger", "rang": 185, "adresse": "2000, rue Decelles, Montréal, H4M1B3", "source": "MEQ", "annee_scolaire": "2025-2026", "code_organisme": "763006", "nom_organisme": "École Cardinal-Léger", "code_css_cs": "763000", "nom_css_cs": "Centre de services scolaire Marguerite-Bourgeoys (763000)", "municipalite": "Montréal", "ordre_enseignement": "Préscolaire - Primaire", "type_cs": "Franco", "imse": 9.71276117210688, "rang_decile_imse": 8, "sfr": 15.3261389910978, "rang_decile_sfr": 10, "nombre_eleves": 674}, "geometry": {"type": "Point", "coordinates": [-73.686905, 45.506476]}}, {"type": "Feature", "properties": {"nom": "Édouard-Laurin", "rang": 253, "adresse": "1085, rue Tassé, Montréal, H4L1P7", "source": "MEQ", "annee_scolaire": "2025-2026", "code_organisme": "763007", "nom_organisme": "École Édouard-Laurin", "code_css_cs": "763000", "nom_css_cs": "Centre de services scolaire Marguerite-Bourgeoys (763000)", "municipalite": "Montréal", "ordre_enseignement": "Préscolaire - Primaire", "type_cs": "Franco", "imse": 11.7283070588235, "rang_decile_imse": 9, "sfr": 16.3874443598616, "rang_decile_sfr": 10, "nombre_eleves": 289}, "geometry": {"type": "Point", "coordinates": [-73.684164, 45.521308]}}, {"type": "Feature", "properties": {"nom": "Enfant-Soleil", "rang": 317, "adresse": "1615, rue Tassé, Montréal, H4L1R1", "source": "MEQ", "annee_scolaire": "2025-2026", "code_organisme": "763008", "nom_organisme": "École Enfant-Soleil", "code_css_cs": "763000", "nom_css_cs": "Centre de services scolaire Marguerite-Bourgeoys (763000)", "municipalite": "Montréal", "ordre_enseignement": "Préscolaire - Primaire", "type_cs": "Franco", "imse": 15.0703225552825, "rang_decile_imse": 10, "sfr": 18.6638347420147, "rang_decile_sfr": 10, "nombre_eleves": 407}, "geometry": {"type": "Point", "coordinates": [-73.689933, 45.516673]}}, {"type": "Feature", "properties": {"nom": "Guy-Drummond", "rang": 40, "adresse": "1475, avenue Lajoie, Montréal, H2V1P9", "source": "MEQ", "annee_scolaire": "2025-2026", "code_organisme": "763009", "nom_organisme": "École Guy-Drummond", "code_css_cs": "763000", "nom_css_cs": "Centre de services scolaire Marguerite-Bourgeoys (763000)", "municipalite": "Montréal", "ordre_enseignement": "Préscolaire - Primaire", "type_cs": "Franco", "imse": 5.59080575980393, "rang_decile_imse": 4, "sfr": 9.79413713235295, "rang_decile_sfr": 8, "nombre_eleves": 408}, "geometry": {"type": "Point", "coordinates": [-73.613627, 45.518401]}}, {"type": "Feature", "properties": {"nom": "Henri-Beaulieu", "rang": 322, "adresse": "235, rue Bleignier, Montréal, H4N1B1", "source": "MEQ", "annee_scolaire": "2025-2026", "code_organisme": "763011", "nom_organisme": "École Henri-Beaulieu", "code_css_cs": "763000", "nom_css_cs": "Centre de services scolaire Marguerite-Bourgeoys (763000)", "municipalite": "Montréal", "ordre_enseignement": "Préscolaire - Primaire", "type_cs": "Franco", "imse": 15.563795811138, "rang_decile_imse": 10, "sfr": 21.6989041162227, "rang_decile_sfr": 10, "nombre_eleves": 413}, "geometry": {"type": "Point", "coordinates": [-73.673818, 45.529048]}}, {"type": "Feature", "properties": {"nom": "Hébert", "rang": 150, "adresse": "705, boulevard Décarie, Montréal, H4L3L3", "source": "MEQ", "annee_scolaire": "2025-2026", "code_organisme": "763012", "nom_organisme": "École Jonathan", "code_css_cs": "763000", "nom_css_cs": "Centre de services scolaire Marguerite-Bourgeoys (763000)", "municipalite": "Montréal", "ordre_enseignement": "Préscolaire - Primaire", "type_cs": "Franco", "imse": 8.94809098901099, "rang_decile_imse": 8, "sfr": 11.1303301098901, "rang_decile_sfr": 9, "nombre_eleves": 91}, "geometry": {"type": "Point", "coordinates": [-73.676604, 45.511039]}}, {"type": "Feature", "properties": {"nom": "PGLO, Édifice Madeleine-Parent", "rang": 86, "adresse": "1276, avenue Lajoie, Montréal, H2V1P3", "source": "MEQ", "annee_scolaire": "2025-2026", "code_organisme": "763013", "nom_organisme": "École Lajoie", "code_css_cs": "763000", "nom_css_cs": "Centre de services scolaire Marguerite-Bourgeoys (763000)", "municipalite": "Montréal", "ordre_enseignement": "Préscolaire - Primaire", "type_cs": "Franco", "imse": 7.25754922261486, "rang_decile_imse": 6, "sfr": 11.4286796819788, "rang_decile_sfr": 9, "nombre_eleves": 283}, "geometry": {"type": "Point", "coordinates": [-73.610657, 45.520309]}}, {"type": "Feature", "properties": {"nom": "Laurentide", "rang": 320, "adresse": "465, rue Cardinal, Montréal, H4L3C5", "source": "MEQ", "annee_scolaire": "2025-2026", "code_organisme": "763014", "nom_organisme": "École Laurentide", "code_css_cs": "763000", "nom_css_cs": "Centre de services scolaire Marguerite-Bourgeoys (763000)", "municipalite": "Montréal", "ordre_enseignement": "Préscolaire - Primaire", "type_cs": "Franco", "imse": 15.4778267484663, "rang_decile_imse": 10, "sfr": 21.8065864723926, "rang_decile_sfr": 10, "nombre_eleves": 326}, "geometry": {"type": "Point", "coordinates": [-73.674912, 45.506575]}}, {"type": "Feature", "properties": {"nom": "Beau-Séjour, édifice Sud", "rang": 193, "adresse": "2681, rue Baker, Montréal, H4K1K7", "source": "MEQ", "annee_scolaire": "2025-2026", "code_organisme": "763015", "nom_organisme": "École Beau-Séjour", "code_css_cs": "763000", "nom_css_cs": "Centre de services scolaire Marguerite-Bourgeoys (763000)", "municipalite": "Montréal", "ordre_enseignement": "Préscolaire - Primaire", "type_cs": "Franco", "imse": 9.90941712643678, "rang_decile_imse": 8, "sfr": 8.96481962643677, "rang_decile_sfr": 8, "nombre_eleves": 348}, "geometry": {"type": "Point", "coordinates": [-73.727512, 45.519742]}}, {"type": "Feature", "properties": {"nom": "Beau-Séjour, édifice Nord", "rang": 192, "adresse": "3600, rue Beauséjour, Montréal, H4K1W7", "source": "MEQ", "annee_scolaire": "2025-2026", "code_organisme": "763015", "nom_organisme": "École Beau-Séjour", "code_css_cs": "763000", "nom_css_cs": "Centre de services scolaire Marguerite-Bourgeoys (763000)", "municipalite": "Montréal", "ordre_enseignement": "Préscolaire - Primaire", "type_cs": "Franco", "imse": 9.90941712643678, "rang_decile_imse": 8, "sfr": 8.96481962643677, "rang_decile_sfr": 8, "nombre_eleves": 348}, "geometry": {"type": "Point", "coordinates": [-73.731643, 45.522496]}}, {"type": "Feature", "properties": {"nom": "Nouvelle-Querbes", "rang": 72, "adresse": "215, avenue Bloomfield, Montréal, H2V3R6", "source": "MEQ", "annee_scolaire": "2025-2026", "code_organisme": "763016", "nom_organisme": "École Nouvelle-Querbes", "code_css_cs": "763000", "nom_css_cs": "Centre de services scolaire Marguerite-Bourgeoys (763000)", "municipalite": "Montréal", "ordre_enseignement": "Préscolaire - Primaire", "type_cs": "Franco", "imse": 6.61973295454546, "rang_decile_imse": 6, "sfr": 8.5486595909091, "rang_decile_sfr": 8, "nombre_eleves": 220}, "geometry": {"type": "Point", "coordinates": [-73.600662, 45.51769]}}, {"type": "Feature", "properties": {"nom": "Saint-Germain-d'Outremont", "rang": 20, "adresse": "46, avenue Vincent-d'Indy, Montréal, H2V2S9", "source": "MEQ", "annee_scolaire": "2025-2026", "code_organisme": "763018", "nom_organisme": "École Saint-Germain-d'Outremont", "code_css_cs": "763000", "nom_css_cs": "Centre de services scolaire Marguerite-Bourgeoys (763000)", "municipalite": "Montréal", "ordre_enseignement": "Préscolaire - Primaire", "type_cs": "Franco", "imse": 4.4520071197411, "rang_decile_imse": 3, "sfr": 6.42827417475729, "rang_decile_sfr": 7, "nombre_eleves": 309}, "geometry": {"type": "Point", "coordinates": [-73.61333, 45.511138]}}, {"type": "Feature", "properties": {"nom": "Jean-Grou", "rang": 303, "adresse": "805, rue Tassé, Montréal, H4L1N8", "source": "MEQ", "annee_scolaire": "2025-2026", "code_organisme": "763020", "nom_organisme": "École Jean-Grou", "code_css_cs": "763000", "nom_css_cs": "Centre de services scolaire Marguerite-Bourgeoys (763000)", "municipalite": "Montréal", "ordre_enseignement": "Préscolaire - Primaire", "type_cs": "Franco", "imse": 13.6692320323325, "rang_decile_imse": 10, "sfr": 18.4430290762125, "rang_decile_sfr": 10, "nombre_eleves": 433}, "geometry": {"type": "Point", "coordinates": [-73.680663, 45.523639]}}, {"type": "Feature", "properties": {"nom": "Katimavik, édifice Katimavik", "rang": 197, "adresse": "1700, rue Decelles, Montréal, H4L0B9", "source": "MEQ", "annee_scolaire": "2025-2026", "code_organisme": "763021", "nom_organisme": "École Katimavik", "code_css_cs": "763000", "nom_css_cs": "Centre de services scolaire Marguerite-Bourgeoys (763000)", "municipalite": "Montréal", "ordre_enseignement": "Préscolaire - Primaire", "type_cs": "Franco", "imse": 9.97752014888339, "rang_decile_imse": 8, "sfr": 11.9436229032258, "rang_decile_sfr": 9, "nombre_eleves": 403}, "geometry": {"type": "Point", "coordinates": [-73.68236, 45.510346]}}, {"type": "Feature", "properties": {"nom": "Enfants-du-Monde", "rang": 45, "adresse": "2915, rue Marcel, Montréal, H4R1B2", "source": "MEQ", "annee_scolaire": "2025-2026", "code_organisme": "763022", "nom_organisme": "École Enfants-du-Monde", "code_css_cs": "763000", "nom_css_cs": "Centre de services scolaire Marguerite-Bourgeoys (763000)", "municipalite": "Montréal", "ordre_enseignement": "Préscolaire - Primaire", "type_cs": "Franco", "imse": 5.79281317733989, "rang_decile_imse": 5, "sfr": 6.64642953201974, "rang_decile_sfr": 7, "nombre_eleves": 406}, "geometry": {"type": "Point", "coordinates": [-73.725496, 45.515161]}}, {"type": "Feature", "properties": {"nom": "Grands-Êtres, des", "rang": 244, "adresse": "1150, rue Deguire, Montréal, H4L1M2", "source": "MEQ", "annee_scolaire": "2025-2026", "code_organisme": "763024", "nom_organisme": "École des Grands-Êtres", "code_css_cs": "763000", "nom_css_cs": "Centre de services scolaire Marguerite-Bourgeoys (763000)", "municipalite": "Montréal", "ordre_enseignement": "Préscolaire - Primaire", "type_cs": "Franco", "imse": 11.2560699261084, "rang_decile_imse": 9, "sfr": 16.1635257142857, "rang_decile_sfr": 10, "nombre_eleves": 406}, "geometry": {"type": "Point", "coordinates": [-73.68658, 45.521551]}}, {"type": "Feature", "properties": {"nom": "Trésor-du-Boisé, au", "rang": 36, "adresse": "3925, rue Claude-Henri-Grignon, Montréal, H4R3K2", "source": "MEQ", "annee_scolaire": "2025-2026", "code_organisme": "763026", "nom_organisme": "École au Trésor-du-Boisé", "code_css_cs": "763000", "nom_css_cs": "Centre de services scolaire Marguerite-Bourgeoys (763000)", "municipalite": "Montréal", "ordre_enseignement": "Préscolaire - Primaire", "type_cs": "Franco", "imse": 5.33245281081081, "rang_decile_imse": 4, "sfr": 8.11166537837841, "rang_decile_sfr": 8, "nombre_eleves": 740}, "geometry": {"type": "Point", "coordinates": [-73.71831, 45.509086]}}, {"type": "Feature", "properties": {"nom": "CEA Outremont", "rang": 210, "adresse": "500, boulevard Dollard, Montréal, H2V3G2", "source": "MEQ", "annee_scolaire": "2025-2026", "code_organisme": "763037", "nom_organisme": "École du Sas", "code_css_cs": "763000", "nom_css_cs": "Centre de services scolaire Marguerite-Bourgeoys (763000)", "municipalite": "Montréal", "ordre_enseignement": "Secondaire", "type_cs": "Franco", "imse": 10.2835223796034, "rang_decile_imse": 9, "sfr": 13.8481909065156, "rang_decile_sfr": 10, "nombre_eleves": 353}, "geometry": {"type": "Point", "coordinates": [-73.610193, 45.516349]}}, {"type": "Feature", "properties": {"nom": "Paul-Gérin-Lajoie-d'Outremont", "rang": 67, "adresse": "475, avenue Bloomfield, Montréal, H2V3R9", "source": "MEQ", "annee_scolaire": "2025-2026", "code_organisme": "763040", "nom_organisme": "École Paul-Gérin-Lajoie-d'Outremont", "code_css_cs": "763000", "nom_css_cs": "Centre de services scolaire Marguerite-Bourgeoys (763000)", "municipalite": "Montréal", "ordre_enseignement": "Secondaire", "type_cs": "Franco", "imse": 6.55394189239329, "rang_decile_imse": 5, "sfr": 13.3649494526901, "rang_decile_sfr": 9, "nombre_eleves": 1078}, "geometry": {"type": "Point", "coordinates": [-73.605464, 45.519778]}}, {"type": "Feature", "properties": {"nom": "Paul-Gérin-Lajoie-d'Outremont, édifice Strathcona", "rang": 68, "adresse": "520, chemin Côte Ste-Catherine, Montréal, H2V2B8", "source": "MEQ", "annee_scolaire": "2025-2026", "code_organisme": "763040", "nom_organisme": "École Paul-Gérin-Lajoie-d'Outremont", "code_css_cs": "763000", "nom_css_cs": "Centre de services scolaire Marguerite-Bourgeoys (763000)", "municipalite": "Montréal", "ordre_enseignement": "Secondaire", "type_cs": "Franco", "imse": 6.55394189239329, "rang_decile_imse": 5, "sfr": 13.3649494526901, "rang_decile_sfr": 9, "nombre_eleves": 1078}, "geometry": {"type": "Point", "coordinates": [-73.609433, 45.514045]}}, {"type": "Feature", "properties": {"nom": "Saint-Laurent, édifice Saint-Germain Annexe", "rang": 258, "adresse": "850, boulevard Marcel-Laurin, Montréal, H4M2M9", "source": "MEQ", "annee_scolaire": "2025-2026", "code_organisme": "763041", "nom_organisme": "École Saint-Laurent", "code_css_cs": "763000", "nom_css_cs": "Centre de services scolaire Marguerite-Bourgeoys (763000)", "municipalite": "Montréal", "ordre_enseignement": "Secondaire", "type_cs": "Franco", "imse": 11.8947137767222, "rang_decile_imse": 10, "sfr": 15.2967268218527, "rang_decile_sfr": 10, "nombre_eleves": 2105}, "geometry": {"type": "Point", "coordinates": [-73.685267, 45.508087]}}, {"type": "Feature", "properties": {"nom": "Saint-Laurent, édifice Saint-Germain", "rang": 257, "adresse": "1870, rue Decelles, Montréal, H4M1A8", "source": "MEQ", "annee_scolaire": "2025-2026", "code_organisme": "763041", "nom_organisme": "École Saint-Laurent", "code_css_cs": "763000", "nom_css_cs": "Centre de services scolaire Marguerite-Bourgeoys (763000)", "municipalite": "Montréal", "ordre_enseignement": "Secondaire", "type_cs": "Franco", "imse": 11.8947137767222, "rang_decile_imse": 10, "sfr": 15.2967268218527, "rang_decile_sfr": 10, "nombre_eleves": 2105}, "geometry": {"type": "Point", "coordinates": [-73.685537, 45.507817]}}, {"type": "Feature", "properties": {"nom": "Saint-Laurent, édifice Émile-Legault", "rang": 257, "adresse": "2395, boulevard Thimens, Montréal, H4R1T4", "source": "MEQ", "annee_scolaire": "2025-2026", "code_organisme": "763041", "nom_organisme": "École Saint-Laurent", "code_css_cs": "763000", "nom_css_cs": "Centre de services scolaire Marguerite-Bourgeoys (763000)", "municipalite": "Montréal", "ordre_enseignement": "Secondaire", "type_cs": "Franco", "imse": 11.8947137767222, "rang_decile_imse": 10, "sfr": 15.2967268218527, "rang_decile_sfr": 10, "nombre_eleves": 2105}, "geometry": {"type": "Point", "coordinates": [-73.703068, 45.506503]}}, {"type": "Feature", "properties": {"nom": "Pierre-Laporte, édifice Côte-Vertu", "rang": 287, "adresse": "860, boul. de la Côte-Vertu, Montréal, H4L1Y4", "source": "MEQ", "annee_scolaire": "2025-2026", "code_organisme": "763042", "nom_organisme": "École Pierre-Laporte", "code_css_cs": "763000", "nom_css_cs": "Centre de services scolaire Marguerite-Bourgeoys (763000)", "municipalite": "Montréal", "ordre_enseignement": "Secondaire", "type_cs": "Franco", "imse": 12.7689855564142, "rang_decile_imse": 10, "sfr": 18.1126712905718, "rang_decile_sfr": 10, "nombre_eleves": 1294}, "geometry": {"type": "Point", "coordinates": [-73.672401, 45.5176]}}, {"type": "Feature", "properties": {"nom": "Chanoine-Joseph-Théorêt", "rang": 102, "adresse": "990, 5e Avenue, Montréal, H4G2Z6", "source": "MEQ", "annee_scolaire": "2025-2026", "code_organisme": "763100", "nom_organisme": "École Chanoine-Joseph-Théorêt", "code_css_cs": "763000", "nom_css_cs": "Centre de services scolaire Marguerite-Bourgeoys (763000)", "municipalite": "Montréal", "ordre_enseignement": "Préscolaire - Primaire", "type_cs": "Franco", "imse": 7.8924829962547, "rang_decile_imse": 7, "sfr": 15.171541423221, "rang_decile_sfr": 10, "nombre_eleves": 267}, "geometry": {"type": "Point", "coordinates": [-73.576992, 45.456355]}}, {"type": "Feature", "properties": {"nom": "Découvreurs, des", "rang": 103, "adresse": "845, 39e Avenue, Montréal, H8P2Y6", "source": "MEQ", "annee_scolaire": "2025-2026", "code_organisme": "763101", "nom_organisme": "École des Découvreurs", "code_css_cs": "763000", "nom_css_cs": "Centre de services scolaire Marguerite-Bourgeoys (763000)", "municipalite": "Montréal", "ordre_enseignement": "Préscolaire - Primaire", "type_cs": "Franco", "imse": 7.90001482142857, "rang_decile_imse": 7, "sfr": 13.5377474107143, "rang_decile_sfr": 9, "nombre_eleves": 224}, "geometry": {"type": "Point", "coordinates": [-73.613302, 45.421057]}}, {"type": "Feature", "properties": {"nom": "Grand-Héron, du", "rang": 148, "adresse": "7676, rue Centrale, Montréal, H8P1L5", "source": "MEQ", "annee_scolaire": "2025-2026", "code_organisme": "763102", "nom_organisme": "École du Grand-Héron", "code_css_cs": "763000", "nom_css_cs": "Centre de services scolaire Marguerite-Bourgeoys (763000)", "municipalite": "Montréal", "ordre_enseignement": "Préscolaire - Primaire", "type_cs": "Franco", "imse": 8.90660519999999, "rang_decile_imse": 8, "sfr": 14.5453510222222, "rang_decile_sfr": 10, "nombre_eleves": 225}, "geometry": {"type": "Point", "coordinates": [-73.597318, 45.430471]}}, {"type": "Feature", "properties": {"nom": "Henri-Forest", "rang": 199, "adresse": "100, rue Trésor-Caché, Montréal, H8R3K3", "source": "MEQ", "annee_scolaire": "2025-2026", "code_organisme": "763103", "nom_organisme": "École Henri-Forest", "code_css_cs": "763000", "nom_css_cs": "Centre de services scolaire Marguerite-Bourgeoys (763000)", "municipalite": "Montréal", "ordre_enseignement": "Préscolaire - Primaire", "type_cs": "Franco", "imse": 9.98712821917806, "rang_decile_imse": 8, "sfr": 12.1567320091324, "rang_decile_sfr": 9, "nombre_eleves": 219}, "geometry": {"type": "Point", "coordinates": [-73.652974, 45.425368]}}, {"type": "Feature", "properties": {"nom": "Île-des-Soeurs", "rang": 27, "adresse": "530, rue de Gaspé, Montréal, H3E1E7", "source": "MEQ", "annee_scolaire": "2025-2026", "code_organisme": "763104", "nom_organisme": "École Île-des-Soeurs", "code_css_cs": "763000", "nom_css_cs": "Centre de services scolaire Marguerite-Bourgeoys (763000)", "municipalite": "Montréal", "ordre_enseignement": "Préscolaire - Primaire", "type_cs": "Franco", "imse": 5.07922743267505, "rang_decile_imse": 4, "sfr": 13.1665645601436, "rang_decile_sfr": 9, "nombre_eleves": 557}, "geometry": {"type": "Point", "coordinates": [-73.548174, 45.456886]}}, {"type": "Feature", "properties": {"nom": "Jardin-des-Saints-Anges", "rang": 138, "adresse": "1225, rue Saint-Louis, Montréal, H8S2K6", "source": "MEQ", "annee_scolaire": "2025-2026", "code_organisme": "763105", "nom_organisme": "École Jardin-des-Saints-Anges", "code_css_cs": "763000", "nom_css_cs": "Centre de services scolaire Marguerite-Bourgeoys (763000)", "municipalite": "Montréal", "ordre_enseignement": "Préscolaire - Primaire", "type_cs": "Franco", "imse": 8.72776386554621, "rang_decile_imse": 7, "sfr": 16.0955124789916, "rang_decile_sfr": 10, "nombre_eleves": 238}, "geometry": {"type": "Point", "coordinates": [-73.675186, 45.433144]}}, {"type": "Feature", "properties": {"nom": "Laurendeau-Dunton (français)", "rang": 237, "adresse": "1515, rue Rancourt, Montréal, H8N1R7", "source": "MEQ", "annee_scolaire": "2025-2026", "code_organisme": "763106", "nom_organisme": "École Laurendeau-Dunton", "code_css_cs": "763000", "nom_css_cs": "Centre de services scolaire Marguerite-Bourgeoys (763000)", "municipalite": "Montréal", "ordre_enseignement": "Préscolaire - Primaire", "type_cs": "Franco", "imse": 11.1518436462093, "rang_decile_imse": 9, "sfr": 18.7169180866426, "rang_decile_sfr": 10, "nombre_eleves": 554}, "geometry": {"type": "Point", "coordinates": [-73.625933, 45.428878]}}, {"type": "Feature", "properties": {"nom": "Pierre-Rémy", "rang": 147, "adresse": "360, 80e Avenue, Montréal, H8R2T3", "source": "MEQ", "annee_scolaire": "2025-2026", "code_organisme": "763107", "nom_organisme": "École Pierre-Rémy", "code_css_cs": "763000", "nom_css_cs": "Centre de services scolaire Marguerite-Bourgeoys (763000)", "municipalite": "Montréal", "ordre_enseignement": "Préscolaire - Primaire", "type_cs": "Franco", "imse": 8.90202483775812, "rang_decile_imse": 8, "sfr": 14.9764328318584, "rang_decile_sfr": 10, "nombre_eleves": 339}, "geometry": {"type": "Point", "coordinates": [-73.636985, 45.419518]}}, {"type": "Feature", "properties": {"nom": "Lévis-Sauvé", "rang": 189, "adresse": "655, avenue Willibrord, Montréal, H4G2T8", "source": "MEQ", "annee_scolaire": "2025-2026", "code_organisme": "763108", "nom_organisme": "École Lévis-Sauvé", "code_css_cs": "763000", "nom_css_cs": "Centre de services scolaire Marguerite-Bourgeoys (763000)", "municipalite": "Montréal", "ordre_enseignement": "Préscolaire - Primaire", "type_cs": "Franco", "imse": 9.8585044477612, "rang_decile_imse": 8, "sfr": 12.508527880597, "rang_decile_sfr": 9, "nombre_eleves": 335}, "geometry": {"type": "Point", "coordinates": [-73.572281, 45.459891]}}, {"type": "Feature", "properties": {"nom": "Martin-Bélanger, édifice Martin", "rang": 305, "adresse": "29, avenue Ouellette, Montréal, H8R1L4", "source": "MEQ", "annee_scolaire": "2025-2026", "code_organisme": "763109", "nom_organisme": "École Martin-Bélanger", "code_css_cs": "763000", "nom_css_cs": "Centre de services scolaire Marguerite-Bourgeoys (763000)", "municipalite": "Montréal", "ordre_enseignement": "Préscolaire - Primaire", "type_cs": "Franco", "imse": 13.7959009954751, "rang_decile_imse": 10, "sfr": 18.2580193665158, "rang_decile_sfr": 10, "nombre_eleves": 221}, "geometry": {"type": "Point", "coordinates": [-73.645959, 45.446077]}}, {"type": "Feature", "properties": {"nom": "Martin-Bélanger, édifice de la Petite-Maison", "rang": 305, "adresse": "41 et 41A,  avenue Ouellette, Montréal, H8R1L4", "source": "MEQ", "annee_scolaire": "2025-2026", "code_organisme": "763109", "nom_organisme": "École Martin-Bélanger", "code_css_cs": "763000", "nom_css_cs": "Centre de services scolaire Marguerite-Bourgeoys (763000)", "municipalite": "Montréal", "ordre_enseignement": "Préscolaire - Primaire", "type_cs": "Franco", "imse": 13.7959009954751, "rang_decile_imse": 10, "sfr": 18.2580193665158, "rang_decile_sfr": 10, "nombre_eleves": 221}, "geometry": {"type": "Point", "coordinates": [-73.646179, 45.446158]}}, {"type": "Feature", "properties": {"nom": "Martin-Bélanger, édifice Bélanger", "rang": 304, "adresse": "95, rue Saint-Jacques, Montréal, H8R1C9", "source": "MEQ", "annee_scolaire": "2025-2026", "code_organisme": "763109", "nom_organisme": "École Martin-Bélanger", "code_css_cs": "763000", "nom_css_cs": "Centre de services scolaire Marguerite-Bourgeoys (763000)", "municipalite": "Montréal", "ordre_enseignement": "Préscolaire - Primaire", "type_cs": "Franco", "imse": 13.7959009954751, "rang_decile_imse": 10, "sfr": 18.2580193665158, "rang_decile_sfr": 10, "nombre_eleves": 221}, "geometry": {"type": "Point", "coordinates": [-73.645005, 45.446257]}}, {"type": "Feature", "properties": {"nom": "Notre-Dame-de-la-Garde", "rang": 31, "adresse": "755, rue Brault, Montréal, H4H2B3", "source": "MEQ", "annee_scolaire": "2025-2026", "code_organisme": "763110", "nom_organisme": "École Notre-Dame-de-la-Garde", "code_css_cs": "763000", "nom_css_cs": "Centre de services scolaire Marguerite-Bourgeoys (763000)", "municipalite": "Montréal", "ordre_enseignement": "Préscolaire - Primaire", "type_cs": "Franco", "imse": 5.27235667682927, "rang_decile_imse": 4, "sfr": 10.1236446951219, "rang_decile_sfr": 8, "nombre_eleves": 328}, "geometry": {"type": "Point", "coordinates": [-73.575454, 45.448363]}}, {"type": "Feature", "properties": {"nom": "Notre-Dame-de-la-Garde, édifice Richard", "rang": 32, "adresse": "760, rue Richard, Montréal, H4H2A6", "source": "MEQ", "annee_scolaire": "2025-2026", "code_organisme": "763110", "nom_organisme": "École Notre-Dame-de-la-Garde", "code_css_cs": "763000", "nom_css_cs": "Centre de services scolaire Marguerite-Bourgeoys (763000)", "municipalite": "Montréal", "ordre_enseignement": "Primaire", "type_cs": "Franco", "imse": 5.27235667682927, "rang_decile_imse": 4, "sfr": 10.1236446951219, "rang_decile_sfr": 8, "nombre_eleves": 328}, "geometry": {"type": "Point", "coordinates": [-73.574896, 45.448543]}}, {"type": "Feature", "properties": {"nom": "Notre-Dame-de-la-Paix", "rang": 266, "adresse": "454, avenue Caisse, Montréal, H4G2C8", "source": "MEQ", "annee_scolaire": "2025-2026", "code_organisme": "763111", "nom_organisme": "École Notre-Dame-de-la-Paix", "code_css_cs": "763000", "nom_css_cs": "Centre de services scolaire Marguerite-Bourgeoys (763000)", "municipalite": "Montréal", "ordre_enseignement": "Préscolaire - Primaire", "type_cs": "Franco", "imse": 12.132994279476, "rang_decile_imse": 9, "sfr": 11.9799588209607, "rang_decile_sfr": 9, "nombre_eleves": 229}, "geometry": {"type": "Point", "coordinates": [-73.569072, 45.470079]}}, {"type": "Feature", "properties": {"nom": "Notre-Dame-de-Lourdes", "rang": 144, "adresse": "504, 5e Avenue, Montréal, H4G2Z1", "source": "MEQ", "annee_scolaire": "2025-2026", "code_organisme": "763112", "nom_organisme": "École Notre-Dame-de-Lourdes", "code_css_cs": "763000", "nom_css_cs": "Centre de services scolaire Marguerite-Bourgeoys (763000)", "municipalite": "Montréal", "ordre_enseignement": "Préscolaire - Primaire", "type_cs": "Franco", "imse": 8.88646864978904, "rang_decile_imse": 8, "sfr": 15.4317378481013, "rang_decile_sfr": 10, "nombre_eleves": 237}, "geometry": {"type": "Point", "coordinates": [-73.571489, 45.455887]}}, {"type": "Feature", "properties": {"nom": "Notre-Dame-des-Rapides", "rang": 137, "adresse": "8585, rue George, Montréal, H8P1G5", "source": "MEQ", "annee_scolaire": "2025-2026", "code_organisme": "763113", "nom_organisme": "École Notre-Dame-des-Rapides", "code_css_cs": "763000", "nom_css_cs": "Centre de services scolaire Marguerite-Bourgeoys (763000)", "municipalite": "Montréal", "ordre_enseignement": "Préscolaire - Primaire", "type_cs": "Franco", "imse": 8.70327201201205, "rang_decile_imse": 7, "sfr": 12.6910636636636, "rang_decile_sfr": 9, "nombre_eleves": 333}, "geometry": {"type": "Point", "coordinates": [-73.619512, 45.420958]}}, {"type": "Feature", "properties": {"nom": "Notre-Dame-des-Sept-Douleurs", "rang": 197, "adresse": "320, avenue de l'Église, Montréal, H4G2M4", "source": "MEQ", "annee_scolaire": "2025-2026", "code_organisme": "763114", "nom_organisme": "École Notre-Dame-des-Sept-Douleurs", "code_css_cs": "763000", "nom_css_cs": "Centre de services scolaire Marguerite-Bourgeoys (763000)", "municipalite": "Montréal", "ordre_enseignement": "Préscolaire - Primaire", "type_cs": "Franco", "imse": 9.97043511111109, "rang_decile_imse": 8, "sfr": 13.7107462666667, "rang_decile_sfr": 9, "nombre_eleves": 225}, "geometry": {"type": "Point", "coordinates": [-73.568217, 45.462402]}}, {"type": "Feature", "properties": {"nom": "Paul-Jarry", "rang": 318, "adresse": "676, 11e Avenue, Montréal, H8S3G9", "source": "MEQ", "annee_scolaire": "2025-2026", "code_organisme": "763115", "nom_organisme": "École Paul-Jarry", "code_css_cs": "763000", "nom_css_cs": "Centre de services scolaire Marguerite-Bourgeoys (763000)", "municipalite": "Montréal", "ordre_enseignement": "Préscolaire - Primaire", "type_cs": "Franco", "imse": 15.1562141803279, "rang_decile_imse": 10, "sfr": 23.4051832377049, "rang_decile_sfr": 10, "nombre_eleves": 244}, "geometry": {"type": "Point", "coordinates": [-73.673521, 45.441514]}}, {"type": "Feature", "properties": {"nom": "Philippe-Morin", "rang": 262, "adresse": "1825, rue Provost, Montréal, H8S1P5", "source": "MEQ", "annee_scolaire": "2025-2026", "code_organisme": "763116", "nom_organisme": "École Philippe-Morin", "code_css_cs": "763000", "nom_css_cs": "Centre de services scolaire Marguerite-Bourgeoys (763000)", "municipalite": "Montréal", "ordre_enseignement": "Préscolaire - Primaire", "type_cs": "Franco", "imse": 11.9712437313433, "rang_decile_imse": 9, "sfr": 18.2414401492538, "rang_decile_sfr": 10, "nombre_eleves": 201}, "geometry": {"type": "Point", "coordinates": [-73.680798, 45.441694]}}, {"type": "Feature", "properties": {"nom": "Terrain vacant - Lots 1 246 811 et 1 247 179", "rang": 262, "adresse": "19e Avenue, Montréal, H8S1P5", "source": "MEQ", "annee_scolaire": "2025-2026", "code_organisme": "763116", "nom_organisme": "École Philippe-Morin", "code_css_cs": "763000", "nom_css_cs": "Centre de services scolaire Marguerite-Bourgeoys (763000)", "municipalite": "Montréal", "ordre_enseignement": "Préscolaire - Primaire", "type_cs": "Franco", "imse": 11.9712437313433, "rang_decile_imse": 9, "sfr": 18.2414401492538, "rang_decile_sfr": 10, "nombre_eleves": 201}, "geometry": {"type": "Point", "coordinates": [-73.681922, 45.44169]}}, {"type": "Feature", "properties": {"nom": "Sainte-Catherine-Labouré", "rang": 214, "adresse": "441, rue Trudeau, Montréal, H8R3C3", "source": "MEQ", "annee_scolaire": "2025-2026", "code_organisme": "763117", "nom_organisme": "École Sainte-Catherine-Labouré", "code_css_cs": "763000", "nom_css_cs": "Centre de services scolaire Marguerite-Bourgeoys (763000)", "municipalite": "Montréal", "ordre_enseignement": "Préscolaire - Primaire", "type_cs": "Franco", "imse": 10.3516086178862, "rang_decile_imse": 9, "sfr": 16.6584285772358, "rang_decile_sfr": 10, "nombre_eleves": 246}, "geometry": {"type": "Point", "coordinates": [-73.640369, 45.431443]}}, {"type": "Feature", "properties": {"nom": "Complexe hospitalier  Douglas", "rang": 214, "adresse": "6875, boulevard LaSalle, Montréal, H4H1R3", "source": "MEQ", "annee_scolaire": "2025-2026", "code_organisme": "763117", "nom_organisme": "École Sainte-Catherine-Labouré", "code_css_cs": "763000", "nom_css_cs": "Centre de services scolaire Marguerite-Bourgeoys (763000)", "municipalite": "Montréal", "ordre_enseignement": "Préscolaire - Primaire", "type_cs": "Franco", "imse": 10.3516086178862, "rang_decile_imse": 9, "sfr": 16.6584285772358, "rang_decile_sfr": 10, "nombre_eleves": 246}, "geometry": {"type": "Point", "coordinates": [-73.584354, 45.442126]}}, {"type": "Feature", "properties": {"nom": "Sainte-Geneviève Sud", "rang": 76, "adresse": "7520, rue Édouard, Montréal, H8P1S2", "source": "MEQ", "annee_scolaire": "2025-2026", "code_organisme": "763118", "nom_organisme": "École Sainte-Geneviève Sud", "code_css_cs": "763000", "nom_css_cs": "Centre de services scolaire Marguerite-Bourgeoys (763000)", "municipalite": "Montréal", "ordre_enseignement": "Préscolaire - Primaire", "type_cs": "Franco", "imse": 6.80261070110702, "rang_decile_imse": 6, "sfr": 8.75808457564578, "rang_decile_sfr": 8, "nombre_eleves": 271}, "geometry": {"type": "Point", "coordinates": [-73.59239, 45.434098]}}, {"type": "Feature", "properties": {"nom": "Nouvelle école primaire LaSalle", "rang": 76, "adresse": "9569, rue Jean-Milot, Montréal, H8R1X8", "source": "MEQ", "annee_scolaire": "2025-2026", "code_organisme": "763118", "nom_organisme": "École Sainte-Geneviève Sud", "code_css_cs": "763000", "nom_css_cs": "Centre de services scolaire Marguerite-Bourgeoys (763000)", "municipalite": "Montréal", "ordre_enseignement": "Préscolaire - Primaire", "type_cs": "Franco", "imse": 6.80261070110702, "rang_decile_imse": 6, "sfr": 8.75808457564578, "rang_decile_sfr": 8, "nombre_eleves": 271}, "geometry": {"type": "Point", "coordinates": [-73.648492, 45.431587]}}, {"type": "Feature", "properties": {"nom": "Terre-des-Jeunes", "rang": 205, "adresse": "7900, rue Doyle, Montréal, H8N0E9", "source": "MEQ", "annee_scolaire": "2025-2026", "code_organisme": "763119", "nom_organisme": "École Terre-des-Jeunes", "code_css_cs": "763000", "nom_css_cs": "Centre de services scolaire Marguerite-Bourgeoys (763000)", "municipalite": "Montréal", "ordre_enseignement": "Préscolaire - Primaire", "type_cs": "Franco", "imse": 10.1863494943821, "rang_decile_imse": 8, "sfr": 13.7309454775281, "rang_decile_sfr": 9, "nombre_eleves": 356}, "geometry": {"type": "Point", "coordinates": [-73.63024, 45.438346]}}, {"type": "Feature", "properties": {"nom": "Très-Saint-Sacrement, édifice de l'Avenir", "rang": 123, "adresse": "704, 5e Avenue, Montréal, H8S2W4", "source": "MEQ", "annee_scolaire": "2025-2026", "code_organisme": "763120", "nom_organisme": "École Très-Saint-Sacrement", "code_css_cs": "763000", "nom_css_cs": "Centre de services scolaire Marguerite-Bourgeoys (763000)", "municipalite": "Montréal", "ordre_enseignement": "Préscolaire - Primaire", "type_cs": "Franco", "imse": 8.43658765886288, "rang_decile_imse": 7, "sfr": 14.6933446488294, "rang_decile_sfr": 10, "nombre_eleves": 299}, "geometry": {"type": "Point", "coordinates": [-73.668067, 45.442306]}}, {"type": "Feature", "properties": {"nom": "Très-Saint-Sacrement, édifice du Savoir", "rang": 124, "adresse": "700, 4e Avenue, Montréal, H8S2V8", "source": "MEQ", "annee_scolaire": "2025-2026", "code_organisme": "763120", "nom_organisme": "École Très-Saint-Sacrement", "code_css_cs": "763000", "nom_css_cs": "Centre de services scolaire Marguerite-Bourgeoys (763000)", "municipalite": "Montréal", "ordre_enseignement": "Préscolaire - Primaire", "type_cs": "Franco", "imse": 8.43658765886288, "rang_decile_imse": 7, "sfr": 14.6933446488294, "rang_decile_sfr": 10, "nombre_eleves": 299}, "geometry": {"type": "Point", "coordinates": [-73.573518, 45.456778]}}, {"type": "Feature", "properties": {"nom": "Victor-Thérien", "rang": 42, "adresse": "305, 43e Avenue, Montréal, H8T2H8", "source": "MEQ", "annee_scolaire": "2025-2026", "code_organisme": "763121", "nom_organisme": "École Victor-Thérien", "code_css_cs": "763000", "nom_css_cs": "Centre de services scolaire Marguerite-Bourgeoys (763000)", "municipalite": "Montréal", "ordre_enseignement": "Préscolaire - Primaire", "type_cs": "Franco", "imse": 5.60221174556212, "rang_decile_imse": 4, "sfr": 9.56489375739644, "rang_decile_sfr": 8, "nombre_eleves": 338}, "geometry": {"type": "Point", "coordinates": [-73.703649, 45.437482]}}, {"type": "Feature", "properties": {"nom": "Nouvelle école primaire Lachine", "rang": 41, "adresse": "800, rue Sherbrooke, Montréal, H8S1H2", "source": "MEQ", "annee_scolaire": "2025-2026", "code_organisme": "763121", "nom_organisme": "École Victor-Thérien", "code_css_cs": "763000", "nom_css_cs": "Centre de services scolaire Marguerite-Bourgeoys (763000)", "municipalite": "Montréal", "ordre_enseignement": "Préscolaire - Primaire", "type_cs": "Franco", "imse": 5.60221174556212, "rang_decile_imse": 4, "sfr": 9.56489375739644, "rang_decile_sfr": 8, "nombre_eleves": 338}, "geometry": {"type": "Point", "coordinates": [-73.671221, 45.44659]}}, {"type": "Feature", "properties": {"nom": "Catherine-Soumillard", "rang": 1, "adresse": "250, 48e Avenue, Montréal, H8T2R8", "source": "MEQ", "annee_scolaire": "2025-2026", "code_organisme": "763122", "nom_organisme": "École Catherine-Soumillard", "code_css_cs": "763000", "nom_css_cs": "Centre de services scolaire Marguerite-Bourgeoys (763000)", "municipalite": "Montréal", "ordre_enseignement": "Préscolaire - Primaire", "type_cs": "Franco", "imse": 1.61867372483222, "rang_decile_imse": 1, "sfr": 3.65931711409395, "rang_decile_sfr": 5, "nombre_eleves": 298}, "geometry": {"type": "Point", "coordinates": [-73.708788, 45.440596]}}, {"type": "Feature", "properties": {"nom": "Coquelicots, des", "rang": 2, "adresse": "7301, rue Churchill, Verdun, Montréal, H4H2L1", "source": "MEQ", "annee_scolaire": "2025-2026", "code_organisme": "763124", "nom_organisme": "École des Coquelicots", "code_css_cs": "763000", "nom_css_cs": "Centre de services scolaire Marguerite-Bourgeoys (763000)", "municipalite": "Montréal", "ordre_enseignement": "Préscolaire - Primaire", "type_cs": "Franco", "imse": 1.88332114754098, "rang_decile_imse": 1, "sfr": 2.93761536885246, "rang_decile_sfr": 4, "nombre_eleves": 244}, "geometry": {"type": "Point", "coordinates": [-73.586991, 45.437653]}}, {"type": "Feature", "properties": {"nom": "Saules-Rieurs, des", "rang": 111, "adresse": "1050, 5e Avenue, Montréal, H4G2Z6", "source": "MEQ", "annee_scolaire": "2025-2026", "code_organisme": "763127", "nom_organisme": "École des Saules-Rieurs", "code_css_cs": "763000", "nom_css_cs": "Centre de services scolaire Marguerite-Bourgeoys (763000)", "municipalite": "Montréal", "ordre_enseignement": "Préscolaire - Primaire", "type_cs": "Franco", "imse": 8.21588683035715, "rang_decile_imse": 7, "sfr": 12.5657080357143, "rang_decile_sfr": 9, "nombre_eleves": 224}, "geometry": {"type": "Point", "coordinates": [-73.577532, 45.456382]}}, {"type": "Feature", "properties": {"nom": "Marguerite, des", "rang": 17, "adresse": "100, boul. de l'Île-des-Soeurs, Montréal, H3E0C7", "source": "MEQ", "annee_scolaire": "2025-2026", "code_organisme": "763128", "nom_organisme": "École des Marguerite", "code_css_cs": "763000", "nom_css_cs": "Centre de services scolaire Marguerite-Bourgeoys (763000)", "municipalite": "Montréal", "ordre_enseignement": "Préscolaire - Primaire", "type_cs": "Franco", "imse": 4.3583340609137, "rang_decile_imse": 3, "sfr": 10.8742075888325, "rang_decile_sfr": 9, "nombre_eleves": 394}, "geometry": {"type": "Point", "coordinates": [-73.544394, 45.464761]}}, {"type": "Feature", "properties": {"nom": "Eau-Vive, L'", "rang": 294, "adresse": "171, avenue Orchard, Montréal, H8R3G3", "source": "MEQ", "annee_scolaire": "2025-2026", "code_organisme": "763129", "nom_organisme": "École L'Eau-Vive", "code_css_cs": "763000", "nom_css_cs": "Centre de services scolaire Marguerite-Bourgeoys (763000)", "municipalite": "Montréal", "ordre_enseignement": "Préscolaire - Primaire", "type_cs": "Franco", "imse": 13.0621029130435, "rang_decile_imse": 10, "sfr": 17.6425757826087, "rang_decile_sfr": 10, "nombre_eleves": 230}, "geometry": {"type": "Point", "coordinates": [-73.646858, 45.422614]}}, {"type": "Feature", "properties": {"nom": "Berges-de-Lachine, des", "rang": 226, "adresse": "50, 34e Avenue, Montréal, H8T1Z2", "source": "MEQ", "annee_scolaire": "2025-2026", "code_organisme": "763130", "nom_organisme": "École des Berges-de-Lachine", "code_css_cs": "763000", "nom_css_cs": "Centre de services scolaire Marguerite-Bourgeoys (763000)", "municipalite": "Montréal", "ordre_enseignement": "Préscolaire - Primaire", "type_cs": "Franco", "imse": 10.8057525552051, "rang_decile_imse": 9, "sfr": 17.6484477602523, "rang_decile_sfr": 10, "nombre_eleves": 317}, "geometry": {"type": "Point", "coordinates": [-73.693042, 45.434035]}}, {"type": "Feature", "properties": {"nom": "Petit-Collège, du", "rang": 186, "adresse": "9343, rue Jean-Milot, Montréal, H8R1Y7", "source": "MEQ", "annee_scolaire": "2025-2026", "code_organisme": "763131", "nom_organisme": "École du Petit-Collège", "code_css_cs": "763000", "nom_css_cs": "Centre de services scolaire Marguerite-Bourgeoys (763000)", "municipalite": "Montréal", "ordre_enseignement": "Préscolaire - Primaire", "type_cs": "Franco", "imse": 9.73460005917161, "rang_decile_imse": 8, "sfr": 17.2672071203156, "rang_decile_sfr": 10, "nombre_eleves": 507}, "geometry": {"type": "Point", "coordinates": [-73.640428, 45.430489]}}, {"type": "Feature", "properties": {"nom": "Orée-du-Parc, de l'", "rang": 115, "adresse": "7500, rue Jean-Chevalier, Montréal, H8N2M8", "source": "MEQ", "annee_scolaire": "2025-2026", "code_organisme": "763134", "nom_organisme": "École de l'Orée-du-Parc", "code_css_cs": "763000", "nom_css_cs": "Centre de services scolaire Marguerite-Bourgeoys (763000)", "municipalite": "Montréal", "ordre_enseignement": "Préscolaire - Primaire", "type_cs": "Franco", "imse": 8.294096159601, "rang_decile_imse": 7, "sfr": 13.4687620698255, "rang_decile_sfr": 9, "nombre_eleves": 401}, "geometry": {"type": "Point", "coordinates": [-73.611317, 45.437446]}}, {"type": "Feature", "properties": {"nom": "Pierre-Rémy", "rang": 153, "adresse": "360, 80e Avenue, Montréal, H8R2T3", "source": "MEQ", "annee_scolaire": "2025-2026", "code_organisme": "763135", "nom_organisme": "École de la Traversée", "code_css_cs": "763000", "nom_css_cs": "Centre de services scolaire Marguerite-Bourgeoys (763000)", "municipalite": "Montréal", "ordre_enseignement": "Secondaire", "type_cs": "Franco", "imse": 8.97020083333333, "rang_decile_imse": 8, "sfr": 14.84667, "rang_decile_sfr": 10, "nombre_eleves": 48}, "geometry": {"type": "Point", "coordinates": [-73.636985, 45.419518]}}, {"type": "Feature", "properties": {"nom": "Collège Saint-Louis", "rang": 59, "adresse": "275, 36e Avenue, Montréal, H8T2A4", "source": "MEQ", "annee_scolaire": "2025-2026", "code_organisme": "763136", "nom_organisme": "Collège Saint-Louis", "code_css_cs": "763000", "nom_css_cs": "Centre de services scolaire Marguerite-Bourgeoys (763000)", "municipalite": "Montréal", "ordre_enseignement": "Secondaire", "type_cs": "Franco", "imse": 6.17763281052633, "rang_decile_imse": 4, "sfr": 10.1917004421053, "rang_decile_sfr": 9, "nombre_eleves": 950}, "geometry": {"type": "Point", "coordinates": [-73.697691, 45.436384]}}, {"type": "Feature", "properties": {"nom": "Cavelier-De-LaSalle", "rang": 179, "adresse": "9199, rue Centrale, Montréal, H8R2J9", "source": "MEQ", "annee_scolaire": "2025-2026", "code_organisme": "763138", "nom_organisme": "École Cavelier-De LaSalle", "code_css_cs": "763000", "nom_css_cs": "Centre de services scolaire Marguerite-Bourgeoys (763000)", "municipalite": "Montréal", "ordre_enseignement": "Secondaire", "type_cs": "Franco", "imse": 9.63886416324134, "rang_decile_imse": 8, "sfr": 14.7898229888432, "rang_decile_sfr": 10, "nombre_eleves": 1703}, "geometry": {"type": "Point", "coordinates": [-73.640495, 45.418015]}}, {"type": "Feature", "properties": {"nom": "Dalbé-Viau", "rang": 239, "adresse": "740, rue Esther Blondin, Montréal, H8S4C4", "source": "MEQ", "annee_scolaire": "2025-2026", "code_organisme": "763139", "nom_organisme": "École Dalbé-Viau", "code_css_cs": "763000", "nom_css_cs": "Centre de services scolaire Marguerite-Bourgeoys (763000)", "municipalite": "Montréal", "ordre_enseignement": "Secondaire", "type_cs": "Franco", "imse": 11.1695997282099, "rang_decile_imse": 9, "sfr": 17.7417912558576, "rang_decile_sfr": 10, "nombre_eleves": 1067}, "geometry": {"type": "Point", "coordinates": [-73.679263, 45.443053]}}, {"type": "Feature", "properties": {"nom": "Mgr-Richard, édifice Rhéaume", "rang": 98, "adresse": "3000, boul. Gaétan-Laberge, Montréal, H4G3C1", "source": "MEQ", "annee_scolaire": "2025-2026", "code_organisme": "763142", "nom_organisme": "École Monseigneur-Richard", "code_css_cs": "763000", "nom_css_cs": "Centre de services scolaire Marguerite-Bourgeoys (763000)", "municipalite": "Montréal", "ordre_enseignement": "Secondaire", "type_cs": "Franco", "imse": 7.79603729783039, "rang_decile_imse": 6, "sfr": 12.5012574095989, "rang_decile_sfr": 9, "nombre_eleves": 1521}, "geometry": {"type": "Point", "coordinates": [-73.560364, 45.470142]}}, {"type": "Feature", "properties": {"nom": "Caroline-Dawson", "rang": 206, "adresse": "1511, rue Lapierre, Montréal, H8N2J4", "source": "MEQ", "annee_scolaire": "2025-2026", "code_organisme": "763144", "nom_organisme": "Nouvelle école secondaire LaSalle", "code_css_cs": "763000", "nom_css_cs": "Centre de services scolaire Marguerite-Bourgeoys (763000)", "municipalite": "Montréal", "ordre_enseignement": "Secondaire", "type_cs": "Franco", "imse": 10.2175135480573, "rang_decile_imse": 9, "sfr": 15.2940888445808, "rang_decile_sfr": 10, "nombre_eleves": 978}, "geometry": {"type": "Point", "coordinates": [-73.610337, 45.436294]}}, {"type": "Feature", "properties": {"nom": "Grand-Chêne, du", "rang": 181, "adresse": "5080, rue de Savoie, Montréal, H8Z1C2", "source": "MEQ", "annee_scolaire": "2025-2026", "code_organisme": "763201", "nom_organisme": "École du Grand-Chêne", "code_css_cs": "763000", "nom_css_cs": "Centre de services scolaire Marguerite-Bourgeoys (763000)", "municipalite": "Montréal", "ordre_enseignement": "Préscolaire - Primaire", "type_cs": "Franco", "imse": 9.64560309523811, "rang_decile_imse": 8, "sfr": 12.2064948214286, "rang_decile_sfr": 9, "nombre_eleves": 336}, "geometry": {"type": "Point", "coordinates": [-73.83054, 45.511003]}}, {"type": "Feature", "properties": {"nom": "Harfang-des-Neiges, édifice Lauzon", "rang": 232, "adresse": "4770, rue Pierre Lauzon, Montréal, H8Y2C5", "source": "MEQ", "annee_scolaire": "2025-2026", "code_organisme": "763204", "nom_organisme": "École Harfang-des-Neiges", "code_css_cs": "763000", "nom_css_cs": "Centre de services scolaire Marguerite-Bourgeoys (763000)", "municipalite": "Montréal", "ordre_enseignement": "Préscolaire - Primaire", "type_cs": "Franco", "imse": 10.9155679545455, "rang_decile_imse": 9, "sfr": 15.1008116363637, "rang_decile_sfr": 10, "nombre_eleves": 220}, "geometry": {"type": "Point", "coordinates": [-73.782916, 45.505324]}}, {"type": "Feature", "properties": {"nom": "Harfang-des-Neiges, édifice Gouin", "rang": 231, "adresse": "9506, boulevard Gouin Ouest, Montréal, H8Y1T8", "source": "MEQ", "annee_scolaire": "2025-2026", "code_organisme": "763204", "nom_organisme": "École Harfang-des-Neiges", "code_css_cs": "763000", "nom_css_cs": "Centre de services scolaire Marguerite-Bourgeoys (763000)", "municipalite": "Montréal", "ordre_enseignement": "Préscolaire - Primaire", "type_cs": "Franco", "imse": 10.9155679545455, "rang_decile_imse": 9, "sfr": 15.1008116363637, "rang_decile_sfr": 10, "nombre_eleves": 220}, "geometry": {"type": "Point", "coordinates": [-73.775199, 45.505216]}}, {"type": "Feature", "properties": {"nom": "Jacques-Bizard", "rang": 20, "adresse": "515, montée de l'Église, Montréal, H9C1H1", "source": "MEQ", "annee_scolaire": "2025-2026", "code_organisme": "763206", "nom_organisme": "École Jacques-Bizard", "code_css_cs": "763000", "nom_css_cs": "Centre de services scolaire Marguerite-Bourgeoys (763000)", "municipalite": "Montréal", "ordre_enseignement": "Préscolaire - Primaire", "type_cs": "Franco", "imse": 4.42287003289474, "rang_decile_imse": 3, "sfr": 3.4489209868421, "rang_decile_sfr": 5, "nombre_eleves": 304}, "geometry": {"type": "Point", "coordinates": [-73.880687, 45.489034]}}, {"type": "Feature", "properties": {"nom": "Jonathan-Wilson", "rang": 4, "adresse": "3243, boulevard Chevremont, Montréal, H9C2L8", "source": "MEQ", "annee_scolaire": "2025-2026", "code_organisme": "763208", "nom_organisme": "École Jonathan-Wilson", "code_css_cs": "763000", "nom_css_cs": "Centre de services scolaire Marguerite-Bourgeoys (763000)", "municipalite": "Montréal", "ordre_enseignement": "Préscolaire - Primaire", "type_cs": "Franco", "imse": 2.93572835866261, "rang_decile_imse": 2, "sfr": 3.11538151975684, "rang_decile_sfr": 4, "nombre_eleves": 329}, "geometry": {"type": "Point", "coordinates": [-73.870999, 45.500311]}}, {"type": "Feature", "properties": {"nom": "Lalande", "rang": 62, "adresse": "50, 3e Avenue Sud, Montréal, H8Y2L5", "source": "MEQ", "annee_scolaire": "2025-2026", "code_organisme": "763210", "nom_organisme": "École Lalande", "code_css_cs": "763000", "nom_css_cs": "Centre de services scolaire Marguerite-Bourgeoys (763000)", "municipalite": "Montréal", "ordre_enseignement": "Préscolaire - Primaire", "type_cs": "Franco", "imse": 6.44897407017544, "rang_decile_imse": 5, "sfr": 6.28317235087719, "rang_decile_sfr": 7, "nombre_eleves": 285}, "geometry": {"type": "Point", "coordinates": [-73.803076, 45.508618]}}, {"type": "Feature", "properties": {"nom": "Murielle-Dumont", "rang": 167, "adresse": "5005, rue Valois, Montréal, H8Z2G8", "source": "MEQ", "annee_scolaire": "2025-2026", "code_organisme": "763212", "nom_organisme": "École Murielle-Dumont", "code_css_cs": "763000", "nom_css_cs": "Centre de services scolaire Marguerite-Bourgeoys (763000)", "municipalite": "Montréal", "ordre_enseignement": "Préscolaire - Primaire", "type_cs": "Franco", "imse": 9.26495072614108, "rang_decile_imse": 8, "sfr": 8.87871850622407, "rang_decile_sfr": 8, "nombre_eleves": 482}, "geometry": {"type": "Point", "coordinates": [-73.834099, 45.506494]}}, {"type": "Feature", "properties": {"nom": "Perce-Neige", "rang": 227, "adresse": "4770, boulevard Lalande, Montréal, H8Y1V2", "source": "MEQ", "annee_scolaire": "2025-2026", "code_organisme": "763213", "nom_organisme": "École Perce-Neige", "code_css_cs": "763000", "nom_css_cs": "Centre de services scolaire Marguerite-Bourgeoys (763000)", "municipalite": "Montréal", "ordre_enseignement": "Primaire", "type_cs": "Franco", "imse": 10.8316883148559, "rang_decile_imse": 9, "sfr": 13.6301301773836, "rang_decile_sfr": 9, "nombre_eleves": 451}, "geometry": {"type": "Point", "coordinates": [-73.781215, 45.505783]}}, {"type": "Feature", "properties": {"nom": "Saint-Gérard", "rang": 34, "adresse": "14385, boulevard Pierrefonds, Montréal, H9H1Z2", "source": "MEQ", "annee_scolaire": "2025-2026", "code_organisme": "763217", "nom_organisme": "École Saint-Gérard", "code_css_cs": "763000", "nom_css_cs": "Centre de services scolaire Marguerite-Bourgeoys (763000)", "municipalite": "Montréal", "ordre_enseignement": "Préscolaire - Primaire", "type_cs": "Franco", "imse": 5.27849182879376, "rang_decile_imse": 4, "sfr": 9.58672081712064, "rang_decile_sfr": 8, "nombre_eleves": 257}, "geometry": {"type": "Point", "coordinates": [-73.855002, 45.490807]}}, {"type": "Feature", "properties": {"nom": "Sainte-Geneviève Ouest", "rang": 89, "adresse": "35, rue Sainte-Anne, Montréal, H9H2Z2", "source": "MEQ", "annee_scolaire": "2025-2026", "code_organisme": "763221", "nom_organisme": "École Sainte-Geneviève Ouest", "code_css_cs": "763000", "nom_css_cs": "Centre de services scolaire Marguerite-Bourgeoys (763000)", "municipalite": "Montréal", "ordre_enseignement": "Préscolaire - Primaire", "type_cs": "Franco", "imse": 7.3166677777778, "rang_decile_imse": 6, "sfr": 13.2693964888889, "rang_decile_sfr": 9, "nombre_eleves": 450}, "geometry": {"type": "Point", "coordinates": [-73.871485, 45.478027]}}, {"type": "Feature", "properties": {"nom": "Odyssée, de l'", "rang": 84, "adresse": "4348, rue Alain, Montréal, H9H2R7", "source": "MEQ", "annee_scolaire": "2025-2026", "code_organisme": "763226", "nom_organisme": "École de l'Odyssée", "code_css_cs": "763000", "nom_css_cs": "Centre de services scolaire Marguerite-Bourgeoys (763000)", "municipalite": "Montréal", "ordre_enseignement": "Préscolaire - Primaire", "type_cs": "Franco", "imse": 7.15195647058823, "rang_decile_imse": 6, "sfr": 8.58737594771243, "rang_decile_sfr": 8, "nombre_eleves": 306}, "geometry": {"type": "Point", "coordinates": [-73.861621, 45.475408]}}, {"type": "Feature", "properties": {"nom": "John-F.-Kennedy, édifice Bélanger", "rang": 130, "adresse": "49-51, avenue Bélanger, Montréal, H8R3K5", "source": "MEQ", "annee_scolaire": "2025-2026", "code_organisme": "763237", "nom_organisme": "École John-F.- Kennedy", "code_css_cs": "763000", "nom_css_cs": "Centre de services scolaire Marguerite-Bourgeoys (763000)", "municipalite": "Montréal", "ordre_enseignement": "Préscolaire - Primaire - Secondaire", "type_cs": "Franco", "imse": 8.59389285714286, "rang_decile_imse": 7, "sfr": 11.5528858823529, "rang_decile_sfr": 9, "nombre_eleves": 119}, "geometry": {"type": "Point", "coordinates": [-73.653613, 45.423874]}}, {"type": "Feature", "properties": {"nom": "Eau-Vive, L'", "rang": 129, "adresse": "171, avenue Orchard, Montréal, H8R3G3", "source": "MEQ", "annee_scolaire": "2025-2026", "code_organisme": "763237", "nom_organisme": "École John-F.- Kennedy", "code_css_cs": "763000", "nom_css_cs": "Centre de services scolaire Marguerite-Bourgeoys (763000)", "municipalite": "Montréal", "ordre_enseignement": "Préscolaire - Primaire - Secondaire", "type_cs": "Franco", "imse": 8.59389285714286, "rang_decile_imse": 7, "sfr": 11.5528858823529, "rang_decile_sfr": 9, "nombre_eleves": 119}, "geometry": {"type": "Point", "coordinates": [-73.646858, 45.422614]}}, {"type": "Feature", "properties": {"nom": "John-F.-Kennedy, édifice Pierrefonds", "rang": 131, "adresse": "13280, rue Huntington, Montréal, H8Z1G2", "source": "MEQ", "annee_scolaire": "2025-2026", "code_organisme": "763237", "nom_organisme": "École John-F.- Kennedy", "code_css_cs": "763000", "nom_css_cs": "Centre de services scolaire Marguerite-Bourgeoys (763000)", "municipalite": "Montréal", "ordre_enseignement": "Préscolaire - Primaire - Secondaire", "type_cs": "Franco", "imse": 8.59389285714286, "rang_decile_imse": 7, "sfr": 11.5528858823529, "rang_decile_sfr": 9, "nombre_eleves": 119}, "geometry": {"type": "Point", "coordinates": [-73.849458, 45.508699]}}, {"type": "Feature", "properties": {"nom": "Altitude, de l'", "rang": 184, "adresse": "5060, boulevard des Sources, Montréal, H8Y3E4", "source": "MEQ", "annee_scolaire": "2025-2026", "code_organisme": "763245", "nom_organisme": "École de l'Altitude", "code_css_cs": "763000", "nom_css_cs": "Centre de services scolaire Marguerite-Bourgeoys (763000)", "municipalite": "Montréal", "ordre_enseignement": "Secondaire", "type_cs": "Franco", "imse": 9.69396300458722, "rang_decile_imse": 8, "sfr": 11.4935688379205, "rang_decile_sfr": 9, "nombre_eleves": 1308}, "geometry": {"type": "Point", "coordinates": [-73.824469, 45.50977]}}, {"type": "Feature", "properties": {"nom": "Bancroft", "rang": 72, "adresse": "4563, rue Saint-Urbain, Montréal, H2T2V9", "source": "MEQ", "annee_scolaire": "2025-2026", "code_organisme": "887001", "nom_organisme": "École Bancroft", "code_css_cs": "887000", "nom_css_cs": "Commission scolaire English-Montréal (887000)", "municipalite": "Montréal", "ordre_enseignement": "Préscolaire - Primaire", "type_cs": "Anglo", "imse": 6.62671148837209, "rang_decile_imse": 6, "sfr": 11.6121778139535, "rang_decile_sfr": 9, "nombre_eleves": 215}, "geometry": {"type": "Point", "coordinates": [-73.588431, 45.519643]}}, {"type": "Feature", "properties": {"nom": "Cedarcrest", "rang": 244, "adresse": "1505, rue Muir, Montréal, H4L4T1", "source": "MEQ", "annee_scolaire": "2025-2026", "code_organisme": "887003", "nom_organisme": "École Cedarcrest", "code_css_cs": "887000", "nom_css_cs": "Commission scolaire English-Montréal (887000)", "municipalite": "Montréal", "ordre_enseignement": "Préscolaire - Primaire", "type_cs": "Anglo", "imse": 11.4488550738916, "rang_decile_imse": 9, "sfr": 14.5408237438424, "rang_decile_sfr": 10, "nombre_eleves": 203}, "geometry": {"type": "Point", "coordinates": [-73.679916, 45.52642]}}, {"type": "Feature", "properties": {"nom": "Dalkeith", "rang": 210, "adresse": "7951, avenue Dalkeith, Montréal, H1K3X6", "source": "MEQ", "annee_scolaire": "2025-2026", "code_organisme": "887004", "nom_organisme": "École Dalkeith", "code_css_cs": "887000", "nom_css_cs": "Commission scolaire English-Montréal (887000)", "municipalite": "Montréal", "ordre_enseignement": "Préscolaire - Primaire", "type_cs": "Anglo", "imse": 10.28660703125, "rang_decile_imse": 9, "sfr": 11.850347109375, "rang_decile_sfr": 9, "nombre_eleves": 128}, "geometry": {"type": "Point", "coordinates": [-73.550379, 45.602776]}}, {"type": "Feature", "properties": {"nom": "Dante", "rang": 195, "adresse": "6090, rue Lachenaie, Montréal, H1S1P1", "source": "MEQ", "annee_scolaire": "2025-2026", "code_organisme": "887005", "nom_organisme": "École Dante", "code_css_cs": "887000", "nom_css_cs": "Commission scolaire English-Montréal (887000)", "municipalite": "Montréal", "ordre_enseignement": "Préscolaire - Primaire", "type_cs": "Anglo", "imse": 9.9423279113924, "rang_decile_imse": 8, "sfr": 14.1529974683544, "rang_decile_sfr": 9, "nombre_eleves": 158}, "geometry": {"type": "Point", "coordinates": [-73.575457, 45.587161]}}, {"type": "Feature", "properties": {"nom": "East Hill", "rang": 48, "adresse": "10350, boulevard Perras, Montréal, H1C2H1", "source": "MEQ", "annee_scolaire": "2025-2026", "code_organisme": "887007", "nom_organisme": "École East Hill", "code_css_cs": "887000", "nom_css_cs": "Commission scolaire English-Montréal (887000)", "municipalite": "Montréal", "ordre_enseignement": "Préscolaire - Primaire", "type_cs": "Anglo", "imse": 5.98223418685121, "rang_decile_imse": 5, "sfr": 4.88835193771626, "rang_decile_sfr": 6, "nombre_eleves": 289}, "geometry": {"type": "Point", "coordinates": [-73.553686, 45.664408]}}, {"type": "Feature", "properties": {"nom": "Edinburgh", "rang": 10, "adresse": "500, avenue Hudson, Montréal-Ouest, H4X1X1", "source": "MEQ", "annee_scolaire": "2025-2026", "code_organisme": "887008", "nom_organisme": "École Edinburgh", "code_css_cs": "887000", "nom_css_cs": "Commission scolaire English-Montréal (887000)", "municipalite": "Montréal-Ouest", "ordre_enseignement": "Préscolaire - Primaire", "type_cs": "Anglo", "imse": 3.71527298165138, "rang_decile_imse": 2, "sfr": 8.69930619266055, "rang_decile_sfr": 8, "nombre_eleves": 218}, "geometry": {"type": "Point", "coordinates": [-73.660314, 45.457345]}}, {"type": "Feature", "properties": {"nom": "Edward Murphy", "rang": 207, "adresse": "6800, ave. Pierre-De Coubertin, Montréal, H1N1T2", "source": "MEQ", "annee_scolaire": "2025-2026", "code_organisme": "887009", "nom_organisme": "École Edward Murphy", "code_css_cs": "887000", "nom_css_cs": "Commission scolaire English-Montréal (887000)", "municipalite": "Montréal", "ordre_enseignement": "Préscolaire - Primaire", "type_cs": "Anglo", "imse": 10.2224156650246, "rang_decile_imse": 9, "sfr": 12.5710332512315, "rang_decile_sfr": 9, "nombre_eleves": 203}, "geometry": {"type": "Point", "coordinates": [-73.532815, 45.581842]}}, {"type": "Feature", "properties": {"nom": "Elizabeth Ballantyne", "rang": 71, "adresse": "314, avenue Northview, Montréal-Ouest, H4X1E2", "source": "MEQ", "annee_scolaire": "2025-2026", "code_organisme": "887010", "nom_organisme": "École Elizabeth Ballantyne", "code_css_cs": "887000", "nom_css_cs": "Commission scolaire English-Montréal (887000)", "municipalite": "Montréal-Ouest", "ordre_enseignement": "Préscolaire - Primaire", "type_cs": "Anglo", "imse": 6.59456496969697, "rang_decile_imse": 6, "sfr": 16.2388107272727, "rang_decile_sfr": 10, "nombre_eleves": 165}, "geometry": {"type": "Point", "coordinates": [-73.654896, 45.454375]}}, {"type": "Feature", "properties": {"nom": "Pierre Elliot Trudeau", "rang": 98, "adresse": "6855, rue Cartier, Montréal, H2G2W1", "source": "MEQ", "annee_scolaire": "2025-2026", "code_organisme": "887012", "nom_organisme": "École Pierre Elliott Trudeau", "code_css_cs": "887000", "nom_css_cs": "Commission scolaire English-Montréal (887000)", "municipalite": "Montréal", "ordre_enseignement": "Préscolaire - Primaire", "type_cs": "Anglo", "imse": 7.85423343612335, "rang_decile_imse": 7, "sfr": 10.9335326431718, "rang_decile_sfr": 9, "nombre_eleves": 227}, "geometry": {"type": "Point", "coordinates": [-73.601832, 45.546778]}}, {"type": "Feature", "properties": {"nom": "Gardenview", "rang": 75, "adresse": "700, rue Brunet, Montréal, H4M1Y2", "source": "MEQ", "annee_scolaire": "2025-2026", "code_organisme": "887014", "nom_organisme": "École Gardenview", "code_css_cs": "887000", "nom_css_cs": "Commission scolaire English-Montréal (887000)", "municipalite": "Montréal", "ordre_enseignement": "Préscolaire - Primaire", "type_cs": "Anglo", "imse": 6.73222100189035, "rang_decile_imse": 6, "sfr": 8.66874457466921, "rang_decile_sfr": 8, "nombre_eleves": 529}, "geometry": {"type": "Point", "coordinates": [-73.689263, 45.500509]}}, {"type": "Feature", "properties": {"nom": "Gérald McShane", "rang": 302, "adresse": "6111, boulevard M.-Duplessis, Montréal, H1G1Y6", "source": "MEQ", "annee_scolaire": "2025-2026", "code_organisme": "887015", "nom_organisme": "École Gerald McShane", "code_css_cs": "887000", "nom_css_cs": "Commission scolaire English-Montréal (887000)", "municipalite": "Montréal", "ordre_enseignement": "Préscolaire - Primaire", "type_cs": "Anglo", "imse": 13.6473539574468, "rang_decile_imse": 10, "sfr": 12.8934389787234, "rang_decile_sfr": 9, "nombre_eleves": 235}, "geometry": {"type": "Point", "coordinates": [-73.620462, 45.615097]}}, {"type": "Feature", "properties": {"nom": "Honoré Mercier", "rang": 202, "adresse": "8280, rue de Nantes, Montréal, H1P2J1", "source": "MEQ", "annee_scolaire": "2025-2026", "code_organisme": "887018", "nom_organisme": "École Honoré-Mercier", "code_css_cs": "887000", "nom_css_cs": "Commission scolaire English-Montréal (887000)", "municipalite": "Montréal", "ordre_enseignement": "Préscolaire - Primaire", "type_cs": "Anglo", "imse": 10.0519172159091, "rang_decile_imse": 8, "sfr": 10.9980118181818, "rang_decile_sfr": 9, "nombre_eleves": 176}, "geometry": {"type": "Point", "coordinates": [-73.589088, 45.592966]}}, {"type": "Feature", "properties": {"nom": "John Caboto", "rang": 238, "adresse": "8955, rue Meunier, Montréal, H2N1W3", "source": "MEQ", "annee_scolaire": "2025-2026", "code_organisme": "887019", "nom_organisme": "Académie John Caboto", "code_css_cs": "887000", "nom_css_cs": "Commission scolaire English-Montréal (887000)", "municipalite": "Montréal", "ordre_enseignement": "Préscolaire - Primaire", "type_cs": "Anglo", "imse": 11.1685487323944, "rang_decile_imse": 9, "sfr": 13.4502026056338, "rang_decile_sfr": 9, "nombre_eleves": 142}, "geometry": {"type": "Point", "coordinates": [-73.648164, 45.539362]}}, {"type": "Feature", "properties": {"nom": "Leonardo Da Vinci", "rang": 89, "adresse": "12025, avenue André-Dumas, Montréal, H1E4G2", "source": "MEQ", "annee_scolaire": "2025-2026", "code_organisme": "887021", "nom_organisme": "Académie Leonardo-da-Vinci", "code_css_cs": "887000", "nom_css_cs": "Commission scolaire English-Montréal (887000)", "municipalite": "Montréal", "ordre_enseignement": "Préscolaire - Primaire", "type_cs": "Anglo", "imse": 7.33084683060109, "rang_decile_imse": 6, "sfr": 8.19994, "rang_decile_sfr": 8, "nombre_eleves": 366}, "geometry": {"type": "Point", "coordinates": [-73.583921, 45.637732]}}, {"type": "Feature", "properties": {"nom": "Michelangelo", "rang": 77, "adresse": "9360, 5e Rue, Montréal, H1E1K1", "source": "MEQ", "annee_scolaire": "2025-2026", "code_organisme": "887024", "nom_organisme": "École primaire internationale Michelangelo", "code_css_cs": "887000", "nom_css_cs": "Commission scolaire English-Montréal (887000)", "municipalite": "Montréal", "ordre_enseignement": "Préscolaire - Primaire", "type_cs": "Anglo", "imse": 6.84884999999999, "rang_decile_imse": 6, "sfr": 5.93293506631299, "rang_decile_sfr": 7, "nombre_eleves": 377}, "geometry": {"type": "Point", "coordinates": [-73.568248, 45.650386]}}, {"type": "Feature", "properties": {"nom": "Nesbitt", "rang": 253, "adresse": "6108, 8e Avenue, Montréal, H1Y2M2", "source": "MEQ", "annee_scolaire": "2025-2026", "code_organisme": "887026", "nom_organisme": "École Nesbitt", "code_css_cs": "887000", "nom_css_cs": "Commission scolaire English-Montréal (887000)", "municipalite": "Montréal", "ordre_enseignement": "Préscolaire - Primaire", "type_cs": "Anglo", "imse": 11.754352704918, "rang_decile_imse": 9, "sfr": 14.171833647541, "rang_decile_sfr": 9, "nombre_eleves": 244}, "geometry": {"type": "Point", "coordinates": [-73.583436, 45.551269]}}, {"type": "Feature", "properties": {"nom": "Our Lady of Pompei", "rang": 296, "adresse": "9944, boulevard Saint-Michel, Montréal, H1H5G8", "source": "MEQ", "annee_scolaire": "2025-2026", "code_organisme": "887027", "nom_organisme": "École Our Lady of Pompei", "code_css_cs": "887000", "nom_css_cs": "Commission scolaire English-Montréal (887000)", "municipalite": "Montréal", "ordre_enseignement": "Préscolaire - Primaire", "type_cs": "Anglo", "imse": 13.3034318248175, "rang_decile_imse": 10, "sfr": 15.2214627737226, "rang_decile_sfr": 10, "nombre_eleves": 137}, "geometry": {"type": "Point", "coordinates": [-73.639722, 45.576901]}}, {"type": "Feature", "properties": {"nom": "Parkdale", "rang": 267, "adresse": "1475, rue Deguire, Montréal, H4L1M4", "source": "MEQ", "annee_scolaire": "2025-2026", "code_organisme": "887028", "nom_organisme": "École Parkdale", "code_css_cs": "887000", "nom_css_cs": "Commission scolaire English-Montréal (887000)", "municipalite": "Montréal", "ordre_enseignement": "Préscolaire - Primaire", "type_cs": "Anglo", "imse": 12.1794686434108, "rang_decile_imse": 9, "sfr": 16.4991438372093, "rang_decile_sfr": 10, "nombre_eleves": 258}, "geometry": {"type": "Point", "coordinates": [-73.690864, 45.520291]}}, {"type": "Feature", "properties": {"nom": "Pierre de Coubertin", "rang": 233, "adresse": "4700, boulevard Lavoisier, Montréal, H1R1H9", "source": "MEQ", "annee_scolaire": "2025-2026", "code_organisme": "887029", "nom_organisme": "École Pierre-de-Coubertin", "code_css_cs": "887000", "nom_css_cs": "Commission scolaire English-Montréal (887000)", "municipalite": "Montréal", "ordre_enseignement": "Préscolaire - Primaire", "type_cs": "Anglo", "imse": 10.9557220821114, "rang_decile_imse": 9, "sfr": 11.8909575953079, "rang_decile_sfr": 9, "nombre_eleves": 341}, "geometry": {"type": "Point", "coordinates": [-73.611066, 45.583579]}}, {"type": "Feature", "properties": {"nom": "Sinclair Laird / St. Raphael Center", "rang": 336, "adresse": "8380, avenue Wiseman, Montréal, H3N2P6", "source": "MEQ", "annee_scolaire": "2025-2026", "code_organisme": "887032", "nom_organisme": "École Sinclair Laird", "code_css_cs": "887000", "nom_css_cs": "Commission scolaire English-Montréal (887000)", "municipalite": "Montréal", "ordre_enseignement": "Préscolaire - Primaire", "type_cs": "Anglo", "imse": 19.7923654054054, "rang_decile_imse": 10, "sfr": 27.775862027027, "rang_decile_sfr": 10, "nombre_eleves": 74}, "geometry": {"type": "Point", "coordinates": [-73.641756, 45.530254]}}, {"type": "Feature", "properties": {"nom": "St. Gabriel", "rang": 240, "adresse": "610, rue Dublin, Montréal, H3K2S4", "source": "MEQ", "annee_scolaire": "2025-2026", "code_organisme": "887036", "nom_organisme": "École Saint-Gabriel", "code_css_cs": "887000", "nom_css_cs": "Commission scolaire English-Montréal (887000)", "municipalite": "Montréal", "ordre_enseignement": "Préscolaire - Primaire", "type_cs": "Anglo", "imse": 11.1906639240506, "rang_decile_imse": 9, "sfr": 17.8474825316456, "rang_decile_sfr": 10, "nombre_eleves": 158}, "geometry": {"type": "Point", "coordinates": [-73.559032, 45.476784]}}, {"type": "Feature", "properties": {"nom": "St. Monica", "rang": 104, "adresse": "6440, rue de Terrebonne, Montréal, H4B1B1", "source": "MEQ", "annee_scolaire": "2025-2026", "code_organisme": "887039", "nom_organisme": "École Sainte-Monica", "code_css_cs": "887000", "nom_css_cs": "Commission scolaire English-Montréal (887000)", "municipalite": "Montréal", "ordre_enseignement": "Préscolaire - Primaire", "type_cs": "Anglo", "imse": 7.92744734693877, "rang_decile_imse": 7, "sfr": 16.9952328571429, "rang_decile_sfr": 10, "nombre_eleves": 147}, "geometry": {"type": "Point", "coordinates": [-73.634196, 45.467209]}}, {"type": "Feature", "properties": {"nom": "St. John Bosco", "rang": 125, "adresse": "6255, rue Hamilton, Montréal, H4E3C5", "source": "MEQ", "annee_scolaire": "2025-2026", "code_organisme": "887042", "nom_organisme": "École Westmount Park", "code_css_cs": "887000", "nom_css_cs": "Commission scolaire English-Montréal (887000)", "municipalite": "Montréal", "ordre_enseignement": "Préscolaire - Primaire", "type_cs": "Anglo", "imse": 8.44980187082403, "rang_decile_imse": 7, "sfr": 22.580507728285, "rang_decile_sfr": 10, "nombre_eleves": 449}, "geometry": {"type": "Point", "coordinates": [-73.597548, 45.455508]}}, {"type": "Feature", "properties": {"nom": "Marymount", "rang": 124, "adresse": "5100, chemin de la Côte-St-Luc, Montréal, H3W2G9", "source": "MEQ", "annee_scolaire": "2025-2026", "code_organisme": "887042", "nom_organisme": "École Westmount Park", "code_css_cs": "887000", "nom_css_cs": "Commission scolaire English-Montréal (887000)", "municipalite": "Montréal", "ordre_enseignement": "Préscolaire - Primaire", "type_cs": "Anglo", "imse": 8.44980187082403, "rang_decile_imse": 7, "sfr": 22.580507728285, "rang_decile_sfr": 10, "nombre_eleves": 449}, "geometry": {"type": "Point", "coordinates": [-73.62003, 45.482167]}}, {"type": "Feature", "properties": {"nom": "Willingdon Senior Campus", "rang": 23, "adresse": "4850, avenue Coronation, Montréal, H4V2E2", "source": "MEQ", "annee_scolaire": "2025-2026", "code_organisme": "887043", "nom_organisme": "École Willingdon", "code_css_cs": "887000", "nom_css_cs": "Commission scolaire English-Montréal (887000)", "municipalite": "Montréal", "ordre_enseignement": "Primaire", "type_cs": "Anglo", "imse": 4.63808868632706, "rang_decile_imse": 3, "sfr": 12.2885816621984, "rang_decile_sfr": 9, "nombre_eleves": 373}, "geometry": {"type": "Point", "coordinates": [-73.643835, 45.461908]}}, {"type": "Feature", "properties": {"nom": "Willingdon", "rang": 22, "adresse": "5870, rue de Terrebonne, Montréal, H4A1B5", "source": "MEQ", "annee_scolaire": "2025-2026", "code_organisme": "887043", "nom_organisme": "École Willingdon", "code_css_cs": "887000", "nom_css_cs": "Commission scolaire English-Montréal (887000)", "municipalite": "Montréal", "ordre_enseignement": "Préscolaire - Primaire", "type_cs": "Anglo", "imse": 4.63808868632706, "rang_decile_imse": 3, "sfr": 12.2885816621984, "rang_decile_sfr": 9, "nombre_eleves": 373}, "geometry": {"type": "Point", "coordinates": [-73.628427, 45.473428]}}, {"type": "Feature", "properties": {"nom": "Coronation / Mile-End", "rang": 182, "adresse": "4810, avenue Van Horne, Montréal, H3W1J3", "source": "MEQ", "annee_scolaire": "2025-2026", "code_organisme": "887045", "nom_organisme": "École Coronation", "code_css_cs": "887000", "nom_css_cs": "Commission scolaire English-Montréal (887000)", "municipalite": "Montréal", "ordre_enseignement": "Préscolaire - Primaire", "type_cs": "Anglo", "imse": 9.65807742105262, "rang_decile_imse": 8, "sfr": 15.2732169473684, "rang_decile_sfr": 10, "nombre_eleves": 190}, "geometry": {"type": "Point", "coordinates": [-73.637405, 45.493462]}}, {"type": "Feature", "properties": {"nom": "Royal Vale", "rang": 38, "adresse": "5851, avenue Somerled, Montréal, H3X2A5", "source": "MEQ", "annee_scolaire": "2025-2026", "code_organisme": "887046", "nom_organisme": "École Royal Vale", "code_css_cs": "887000", "nom_css_cs": "Commission scolaire English-Montréal (887000)", "municipalite": "Montréal", "ordre_enseignement": "Préscolaire - Primaire - Secondaire", "type_cs": "Anglo", "imse": 5.55732470588235, "rang_decile_imse": 4, "sfr": 11.5641236199095, "rang_decile_sfr": 9, "nombre_eleves": 442}, "geometry": {"type": "Point", "coordinates": [-73.633805, 45.47539]}}, {"type": "Feature", "properties": {"nom": "FACE, primaire", "rang": 92, "adresse": "4835, avenue Christophe-Colomb, Montréal, H2J3G8", "source": "MEQ", "annee_scolaire": "2025-2026", "code_organisme": "887047", "nom_organisme": "École F.A.C.E.", "code_css_cs": "887000", "nom_css_cs": "Commission scolaire English-Montréal (887000)", "municipalite": "Montréal", "ordre_enseignement": "Préscolaire - Primaire", "type_cs": "Anglo", "imse": 7.51539742424242, "rang_decile_imse": 6, "sfr": 14.7831937121212, "rang_decile_sfr": 10, "nombre_eleves": 132}, "geometry": {"type": "Point", "coordinates": [-73.583171, 45.530137]}}, {"type": "Feature", "properties": {"nom": "FACE, secondaire", "rang": 93, "adresse": "3449, rue University, Montréal, H3A2A8", "source": "MEQ", "annee_scolaire": "2025-2026", "code_organisme": "887047", "nom_organisme": "École F.A.C.E.", "code_css_cs": "887000", "nom_css_cs": "Commission scolaire English-Montréal (887000)", "municipalite": "Montréal", "ordre_enseignement": "Préscolaire - Primaire - Secondaire", "type_cs": "Anglo", "imse": 7.51539742424242, "rang_decile_imse": 6, "sfr": 14.7831937121212, "rang_decile_sfr": 10, "nombre_eleves": 132}, "geometry": {"type": "Point", "coordinates": [-73.574787, 45.506188]}}, {"type": "Feature", "properties": {"nom": "James Lyng Complex", "rang": 188, "adresse": "5440, rue Notre-Dame Ouest, Montréal, H4C1T9", "source": "MEQ", "annee_scolaire": "2025-2026", "code_organisme": "887101", "nom_organisme": "École secondaire James Lyng", "code_css_cs": "887000", "nom_css_cs": "Commission scolaire English-Montréal (887000)", "municipalite": "Montréal", "ordre_enseignement": "Secondaire", "type_cs": "Anglo", "imse": 9.81647797546012, "rang_decile_imse": 8, "sfr": 15.8610006748466, "rang_decile_sfr": 10, "nombre_eleves": 163}, "geometry": {"type": "Point", "coordinates": [-73.596086, 45.467965]}}, {"type": "Feature", "properties": {"nom": "John F. Kennedy Complex", "rang": 266, "adresse": "3030, rue Villeray, Montréal, H2A1E7", "source": "MEQ", "annee_scolaire": "2025-2026", "code_organisme": "887102", "nom_organisme": "École secondaire John F. Kennedy", "code_css_cs": "887000", "nom_css_cs": "Commission scolaire English-Montréal (887000)", "municipalite": "Montréal", "ordre_enseignement": "Secondaire", "type_cs": "Anglo", "imse": 12.1382291304348, "rang_decile_imse": 10, "sfr": 14.4790119565217, "rang_decile_sfr": 10, "nombre_eleves": 230}, "geometry": {"type": "Point", "coordinates": [-73.604055, 45.55981]}}, {"type": "Feature", "properties": {"nom": "Laurenhill", "rang": 208, "adresse": "2505, chemin Côte Vertu, Montréal, H4R1P3", "source": "MEQ", "annee_scolaire": "2025-2026", "code_organisme": "887104", "nom_organisme": "Académie LaurenHill", "code_css_cs": "887000", "nom_css_cs": "Commission scolaire English-Montréal (887000)", "municipalite": "Montréal", "ordre_enseignement": "Secondaire", "type_cs": "Anglo", "imse": 10.2718902385892, "rang_decile_imse": 9, "sfr": 12.9520643153527, "rang_decile_sfr": 9, "nombre_eleves": 964}, "geometry": {"type": "Point", "coordinates": [-73.698528, 45.504343]}}, {"type": "Feature", "properties": {"nom": "St. Laurent Complex", "rang": 209, "adresse": "2355, rue Decelles, Montréal, H4M1C2", "source": "MEQ", "annee_scolaire": "2025-2026", "code_organisme": "887104", "nom_organisme": "Académie LaurenHill", "code_css_cs": "887000", "nom_css_cs": "Commission scolaire English-Montréal (887000)", "municipalite": "Montréal", "ordre_enseignement": "Secondaire", "type_cs": "Anglo", "imse": 10.2718902385892, "rang_decile_imse": 9, "sfr": 12.9520643153527, "rang_decile_sfr": 9, "nombre_eleves": 964}, "geometry": {"type": "Point", "coordinates": [-73.693961, 45.504118]}}, {"type": "Feature", "properties": {"nom": "Laurier Macdonald Complex", "rang": 198, "adresse": "7355, boulevard Viau, Montréal, H1S3C2", "source": "MEQ", "annee_scolaire": "2025-2026", "code_organisme": "887105", "nom_organisme": "École secondaire Laurier Macdonald", "code_css_cs": "887000", "nom_css_cs": "Commission scolaire English-Montréal (887000)", "municipalite": "Montréal", "ordre_enseignement": "Secondaire", "type_cs": "Anglo", "imse": 9.9799469035533, "rang_decile_imse": 9, "sfr": 11.3321881556684, "rang_decile_sfr": 9, "nombre_eleves": 591}, "geometry": {"type": "Point", "coordinates": [-73.585488, 45.576838]}}, {"type": "Feature", "properties": {"nom": "Lester B. Pearson", "rang": 141, "adresse": "11575, rue P.-M. Favier, Montréal, H1G6E5", "source": "MEQ", "annee_scolaire": "2025-2026", "code_organisme": "887106", "nom_organisme": "École secondaire Lester B. Pearson", "code_css_cs": "887000", "nom_css_cs": "Commission scolaire English-Montréal (887000)", "municipalite": "Montréal", "ordre_enseignement": "Secondaire", "type_cs": "Anglo", "imse": 8.81710928256073, "rang_decile_imse": 8, "sfr": 8.64241284768212, "rang_decile_sfr": 8, "nombre_eleves": 906}, "geometry": {"type": "Point", "coordinates": [-73.617532, 45.610993]}}, {"type": "Feature", "properties": {"nom": "Bancroft", "rang": 107, "adresse": "4563, rue Saint-Urbain, Montréal, H2T2V9", "source": "MEQ", "annee_scolaire": "2025-2026", "code_organisme": "887107", "nom_organisme": "École secondaire M.I.N.D.", "code_css_cs": "887000", "nom_css_cs": "Commission scolaire English-Montréal (887000)", "municipalite": "Montréal", "ordre_enseignement": "Secondaire", "type_cs": "Anglo", "imse": 8.07161773333333, "rang_decile_imse": 7, "sfr": 13.3391097333333, "rang_decile_sfr": 9, "nombre_eleves": 75}, "geometry": {"type": "Point", "coordinates": [-73.588431, 45.519643]}}, {"type": "Feature", "properties": {"nom": "Marymount", "rang": 113, "adresse": "5100, chemin de la Côte-St-Luc, Montréal, H3W2G9", "source": "MEQ", "annee_scolaire": "2025-2026", "code_organisme": "887108", "nom_organisme": "Académie Internationale Marymount", "code_css_cs": "887000", "nom_css_cs": "Commission scolaire English-Montréal (887000)", "municipalite": "Montréal", "ordre_enseignement": "Secondaire", "type_cs": "Anglo", "imse": 8.25334588942307, "rang_decile_imse": 7, "sfr": 16.1700986778846, "rang_decile_sfr": 10, "nombre_eleves": 416}, "geometry": {"type": "Point", "coordinates": [-73.62003, 45.482167]}}, {"type": "Feature", "properties": {"nom": "Saint-Pius X Complex", "rang": 279, "adresse": "9955, avenue Papineau, Montréal, H2B1Z9", "source": "MEQ", "annee_scolaire": "2025-2026", "code_organisme": "887109", "nom_organisme": "École secondaire L.I.N.K.S.", "code_css_cs": "887000", "nom_css_cs": "Commission scolaire English-Montréal (887000)", "municipalite": "Montréal", "ordre_enseignement": "Secondaire", "type_cs": "Anglo", "imse": 12.5337346551724, "rang_decile_imse": 10, "sfr": 15.4877642241379, "rang_decile_sfr": 10, "nombre_eleves": 116}, "geometry": {"type": "Point", "coordinates": [-73.649707, 45.566812]}}, {"type": "Feature", "properties": {"nom": "Rosemount Complex", "rang": 213, "adresse": "3737, rue Beaubien Est, Montréal, H1X1H2", "source": "MEQ", "annee_scolaire": "2025-2026", "code_organisme": "887110", "nom_organisme": "École secondaire Rosemont", "code_css_cs": "887000", "nom_css_cs": "Commission scolaire English-Montréal (887000)", "municipalite": "Montréal", "ordre_enseignement": "Secondaire", "type_cs": "Anglo", "imse": 10.3511540712468, "rang_decile_imse": 9, "sfr": 12.501942519084, "rang_decile_sfr": 9, "nombre_eleves": 393}, "geometry": {"type": "Point", "coordinates": [-73.584678, 45.559648]}}, {"type": "Feature", "properties": {"nom": "Royal West", "rang": 37, "adresse": "189, avenue Easton, Montréal-Ouest, H4X1L4", "source": "MEQ", "annee_scolaire": "2025-2026", "code_organisme": "887111", "nom_organisme": "Académie Royal West", "code_css_cs": "887000", "nom_css_cs": "Commission scolaire English-Montréal (887000)", "municipalite": "Montréal-Ouest", "ordre_enseignement": "Secondaire", "type_cs": "Anglo", "imse": 5.39230311010216, "rang_decile_imse": 3, "sfr": 9.19151003405222, "rang_decile_sfr": 8, "nombre_eleves": 881}, "geometry": {"type": "Point", "coordinates": [-73.64329, 45.450172]}}, {"type": "Feature", "properties": {"nom": "Vincent Massey", "rang": 97, "adresse": "5925, 27e Avenue, Montréal, H1T3J5", "source": "MEQ", "annee_scolaire": "2025-2026", "code_organisme": "887114", "nom_organisme": "Collège Vincent Massey", "code_css_cs": "887000", "nom_css_cs": "Commission scolaire English-Montréal (887000)", "municipalite": "Montréal", "ordre_enseignement": "Secondaire", "type_cs": "Anglo", "imse": 7.78421996083551, "rang_decile_imse": 6, "sfr": 8.62669442558747, "rang_decile_sfr": 8, "nombre_eleves": 766}, "geometry": {"type": "Point", "coordinates": [-73.572092, 45.564265]}}, {"type": "Feature", "properties": {"nom": "Options and Venture Complex", "rang": 162, "adresse": "1741, rue De Biencourt, Montréal, H4E1T4", "source": "MEQ", "annee_scolaire": "2025-2026", "code_organisme": "887203", "nom_organisme": "École secondaire Options", "code_css_cs": "887000", "nom_css_cs": "Commission scolaire English-Montréal (887000)", "municipalite": "Montréal", "ordre_enseignement": "Secondaire", "type_cs": "Anglo", "imse": 9.13827743589743, "rang_decile_imse": 8, "sfr": 15.6071297435897, "rang_decile_sfr": 10, "nombre_eleves": 39}, "geometry": {"type": "Point", "coordinates": [-73.586289, 45.458668]}}, {"type": "Feature", "properties": {"nom": "Coronation / Mile-End", "rang": 79, "adresse": "4810, avenue Van Horne, Montréal, H3W1J3", "source": "MEQ", "annee_scolaire": "2025-2026", "code_organisme": "887205", "nom_organisme": "École secondaire Programme Mile-End", "code_css_cs": "887000", "nom_css_cs": "Commission scolaire English-Montréal (887000)", "municipalite": "Montréal", "ordre_enseignement": "Secondaire", "type_cs": "Anglo", "imse": 7.00278948717949, "rang_decile_imse": 6, "sfr": 12.4913141025641, "rang_decile_sfr": 9, "nombre_eleves": 39}, "geometry": {"type": "Point", "coordinates": [-73.637405, 45.493462]}}, {"type": "Feature", "properties": {"nom": "Perspectives Complex", "rang": 268, "adresse": "7770, 20e Avenue, Montréal, H2A2K9", "source": "MEQ", "annee_scolaire": "2025-2026", "code_organisme": "887209", "nom_organisme": "Ecole secondaire Perspectives II", "code_css_cs": "887000", "nom_css_cs": "Commission scolaire English-Montréal (887000)", "municipalite": "Montréal", "ordre_enseignement": "Secondaire", "type_cs": "Anglo", "imse": 12.2235053125, "rang_decile_imse": 10, "sfr": 13.9342715625, "rang_decile_sfr": 10, "nombre_eleves": 32}, "geometry": {"type": "Point", "coordinates": [-73.6005, 45.567964]}}, {"type": "Feature", "properties": {"nom": "Gérald McShane", "rang": 64, "adresse": "6111, boulevard M.-Duplessis, Montréal, H1G1Y6", "source": "MEQ", "annee_scolaire": "2025-2026", "code_organisme": "887260", "nom_organisme": "Académie Québec Virtual", "code_css_cs": "887000", "nom_css_cs": "Commission scolaire English-Montréal (887000)", "municipalite": "Montréal", "ordre_enseignement": "Préscolaire - Primaire", "type_cs": "Anglo", "imse": 6.45225428571429, "rang_decile_imse": 5, "sfr": 6.947201, "rang_decile_sfr": 8, "nombre_eleves": 70}, "geometry": {"type": "Point", "coordinates": [-73.620462, 45.615097]}}, {"type": "Feature", "properties": {"nom": "Lester B. Pearson", "rang": 65, "adresse": "11575, rue P.-M. Favier, Montréal, H1G6E5", "source": "MEQ", "annee_scolaire": "2025-2026", "code_organisme": "887260", "nom_organisme": "Académie Québec Virtual", "code_css_cs": "887000", "nom_css_cs": "Commission scolaire English-Montréal (887000)", "municipalite": "Montréal", "ordre_enseignement": "Secondaire", "type_cs": "Anglo", "imse": 6.45225428571429, "rang_decile_imse": 5, "sfr": 6.947201, "rang_decile_sfr": 8, "nombre_eleves": 70}, "geometry": {"type": "Point", "coordinates": [-73.617532, 45.610993]}}, {"type": "Feature", "properties": {"nom": "Lasalle Community Comprehensive", "rang": 140, "adresse": "240, 9e Avenue, Montréal, H8P2N9", "source": "MEQ", "annee_scolaire": "2025-2026", "code_organisme": "888002", "nom_organisme": "École primaire Allion", "code_css_cs": "888000", "nom_css_cs": "Commission scolaire Lester-B.-Pearson (888000)", "municipalite": "Montréal", "ordre_enseignement": "Préscolaire - Primaire", "type_cs": "Anglo", "imse": 8.78095011718751, "rang_decile_imse": 8, "sfr": 12.78222109375, "rang_decile_sfr": 9, "nombre_eleves": 256}, "geometry": {"type": "Point", "coordinates": [-73.600549, 45.428167]}}, {"type": "Feature", "properties": {"nom": "Beechwood", "rang": 46, "adresse": "13155, rue Shelborne, Montréal, H9A1L4", "source": "MEQ", "annee_scolaire": "2025-2026", "code_organisme": "888004", "nom_organisme": "École primaire Beechwood", "code_css_cs": "888000", "nom_css_cs": "Commission scolaire Lester-B.-Pearson (888000)", "municipalite": "Montréal", "ordre_enseignement": "Préscolaire - Primaire", "type_cs": "Anglo", "imse": 5.84982349112426, "rang_decile_imse": 5, "sfr": 6.96185994082841, "rang_decile_sfr": 7, "nombre_eleves": 169}, "geometry": {"type": "Point", "coordinates": [-73.836516, 45.495379]}}, {"type": "Feature", "properties": {"nom": "Children's World Academy", "rang": 127, "adresse": "2241, rue Ménard, Montréal, H8N1J2", "source": "MEQ", "annee_scolaire": "2025-2026", "code_organisme": "888009", "nom_organisme": "École primaire Children's World Academy", "code_css_cs": "888000", "nom_css_cs": "Commission scolaire Lester-B.-Pearson (888000)", "municipalite": "Montréal", "ordre_enseignement": "Préscolaire - Primaire", "type_cs": "Anglo", "imse": 8.49409162100457, "rang_decile_imse": 7, "sfr": 11.860395913242, "rang_decile_sfr": 9, "nombre_eleves": 438}, "geometry": {"type": "Point", "coordinates": [-73.629759, 45.438382]}}, {"type": "Feature", "properties": {"nom": "Riverview", "rang": 115, "adresse": "971, avenue Riverview, Montréal, H4H2C3", "source": "MEQ", "annee_scolaire": "2025-2026", "code_organisme": "888024", "nom_organisme": "École primaire Riverview", "code_css_cs": "888000", "nom_css_cs": "Commission scolaire Lester-B.-Pearson (888000)", "municipalite": "Montréal", "ordre_enseignement": "Préscolaire - Primaire", "type_cs": "Anglo", "imse": 8.30564119469026, "rang_decile_imse": 7, "sfr": 12.7983589823009, "rang_decile_sfr": 9, "nombre_eleves": 226}, "geometry": {"type": "Point", "coordinates": [-73.577582, 45.447103]}}, {"type": "Feature", "properties": {"nom": "Saint Anthony", "rang": 24, "adresse": "17750, rue Meloche, Montréal, H9J3P9", "source": "MEQ", "annee_scolaire": "2025-2026", "code_organisme": "888027", "nom_organisme": "École primaire Saint-Anthony", "code_css_cs": "888000", "nom_css_cs": "Commission scolaire Lester-B.-Pearson (888000)", "municipalite": "Montréal", "ordre_enseignement": "Préscolaire - Primaire", "type_cs": "Anglo", "imse": 4.6922830882353, "rang_decile_imse": 3, "sfr": 7.84192465686274, "rang_decile_sfr": 8, "nombre_eleves": 204}, "geometry": {"type": "Point", "coordinates": [-73.88336, 45.458299]}}, {"type": "Feature", "properties": {"nom": "Saint Charles", "rang": 56, "adresse": "4331, rue Sainte-Anne, Montréal, H9H4G7", "source": "MEQ", "annee_scolaire": "2025-2026", "code_organisme": "888029", "nom_organisme": "École primaire Saint-Charles", "code_css_cs": "888000", "nom_css_cs": "Commission scolaire Lester-B.-Pearson (888000)", "municipalite": "Montréal", "ordre_enseignement": "Préscolaire - Primaire", "type_cs": "Anglo", "imse": 6.08967896551724, "rang_decile_imse": 5, "sfr": 7.82427875, "rang_decile_sfr": 8, "nombre_eleves": 232}, "geometry": {"type": "Point", "coordinates": [-73.865806, 45.472555]}}, {"type": "Feature", "properties": {"nom": "Terry-Fox", "rang": 83, "adresse": "13350, rue Purcell, Montréal, H8Z1P7", "source": "MEQ", "annee_scolaire": "2025-2026", "code_organisme": "888037", "nom_organisme": "École primaire Terry-Fox", "code_css_cs": "888000", "nom_css_cs": "Commission scolaire Lester-B.-Pearson (888000)", "municipalite": "Montréal", "ordre_enseignement": "Préscolaire - Primaire", "type_cs": "Anglo", "imse": 7.09726065934066, "rang_decile_imse": 6, "sfr": 7.53603483516484, "rang_decile_sfr": 8, "nombre_eleves": 273}, "geometry": {"type": "Point", "coordinates": [-73.845516, 45.502705]}}, {"type": "Feature", "properties": {"nom": "Verdun", "rang": 132, "adresse": "610, avenue Desmarchais, Montréal, H4H1S6", "source": "MEQ", "annee_scolaire": "2025-2026", "code_organisme": "888047", "nom_organisme": "École primaire Verdun", "code_css_cs": "888000", "nom_css_cs": "Commission scolaire Lester-B.-Pearson (888000)", "municipalite": "Montréal", "ordre_enseignement": "Préscolaire - Primaire", "type_cs": "Anglo", "imse": 8.65881267973857, "rang_decile_imse": 7, "sfr": 15.0250148366013, "rang_decile_sfr": 10, "nombre_eleves": 153}, "geometry": {"type": "Point", "coordinates": [-73.572771, 45.454276]}}, {"type": "Feature", "properties": {"nom": "Maple Grove", "rang": 158, "adresse": "740, 52e Avenue, Montréal, H8T2X6", "source": "MEQ", "annee_scolaire": "2025-2026", "code_organisme": "888049", "nom_organisme": "École primaire Maple Grove", "code_css_cs": "888000", "nom_css_cs": "Commission scolaire Lester-B.-Pearson (888000)", "municipalite": "Montréal", "ordre_enseignement": "Préscolaire - Primaire", "type_cs": "Anglo", "imse": 9.08926154150197, "rang_decile_imse": 8, "sfr": 14.9565563636364, "rang_decile_sfr": 10, "nombre_eleves": 253}, "geometry": {"type": "Point", "coordinates": [-73.715862, 45.44461]}}, {"type": "Feature", "properties": {"nom": "Lakeside Academy", "rang": 114, "adresse": "5050, rue Sherbrooke, Montréal, H8T1H8", "source": "MEQ", "annee_scolaire": "2025-2026", "code_organisme": "888058", "nom_organisme": "École secondaire Lakeside Academy", "code_css_cs": "888000", "nom_css_cs": "Commission scolaire Lester-B.-Pearson (888000)", "municipalite": "Montréal", "ordre_enseignement": "Secondaire", "type_cs": "Anglo", "imse": 8.26947175182481, "rang_decile_imse": 7, "sfr": 12.8437916788321, "rang_decile_sfr": 9, "nombre_eleves": 411}, "geometry": {"type": "Point", "coordinates": [-73.714188, 45.446356]}}, {"type": "Feature", "properties": {"nom": "Lasalle Community Comprehensive", "rang": 167, "adresse": "240, 9e Avenue, Montréal, H8P2N9", "source": "MEQ", "annee_scolaire": "2025-2026", "code_organisme": "888059", "nom_organisme": "Polyvalente LaSalle", "code_css_cs": "888000", "nom_css_cs": "Commission scolaire Lester-B.-Pearson (888000)", "municipalite": "Montréal", "ordre_enseignement": "Secondaire", "type_cs": "Anglo", "imse": 9.25094133868807, "rang_decile_imse": 8, "sfr": 13.3075350602409, "rang_decile_sfr": 9, "nombre_eleves": 747}, "geometry": {"type": "Point", "coordinates": [-73.600549, 45.428167]}}, {"type": "Feature", "properties": {"nom": "Pierrefonds Community High School", "rang": 85, "adresse": "13800, boulevard Pierrefonds, Montréal, H9A1A7", "source": "MEQ", "annee_scolaire": "2025-2026", "code_organisme": "888062", "nom_organisme": "École secondaire Pierrefonds", "code_css_cs": "888000", "nom_css_cs": "Commission scolaire Lester-B.-Pearson (888000)", "municipalite": "Montréal", "ordre_enseignement": "Secondaire", "type_cs": "Anglo", "imse": 7.24464692094314, "rang_decile_imse": 6, "sfr": 8.79284190013868, "rang_decile_sfr": 8, "nombre_eleves": 721}, "geometry": {"type": "Point", "coordinates": [-73.846578, 45.49249]}}, {"type": "Feature", "properties": {"nom": "Beurling Academy", "rang": 178, "adresse": "6100, boulevard Champlain, Montréal, H4H1A5", "source": "MEQ", "annee_scolaire": "2025-2026", "code_organisme": "888069", "nom_organisme": "École secondaire Beurling Academy", "code_css_cs": "888000", "nom_css_cs": "Commission scolaire Lester-B.-Pearson (888000)", "municipalite": "Montréal", "ordre_enseignement": "Secondaire", "type_cs": "Anglo", "imse": 9.63203702702703, "rang_decile_imse": 8, "sfr": 14.5500954504504, "rang_decile_sfr": 10, "nombre_eleves": 222}, "geometry": {"type": "Point", "coordinates": [-73.587617, 45.448273]}}, {"type": "Feature", "properties": {"nom": "Kingsdale Academy", "rang": 61, "adresse": "4381, rue King, Montréal, H9H2E8", "source": "MEQ", "annee_scolaire": "2025-2026", "code_organisme": "888090", "nom_organisme": "École primaire Kingsdale Academy", "code_css_cs": "888000", "nom_css_cs": "Commission scolaire Lester-B.-Pearson (888000)", "municipalite": "Montréal", "ordre_enseignement": "Préscolaire - Primaire", "type_cs": "Anglo", "imse": 6.44175154185022, "rang_decile_imse": 5, "sfr": 8.76530471365639, "rang_decile_sfr": 8, "nombre_eleves": 227}, "geometry": {"type": "Point", "coordinates": [-73.852684, 45.480781]}}, {"type": "Feature", "properties": {"nom": "Lasalle Junior", "rang": 225, "adresse": "8340, rue David-Boyer, Montréal, H8N2A1", "source": "MEQ", "annee_scolaire": "2025-2026", "code_organisme": "888093", "nom_organisme": "École primaire Lasalle Junior", "code_css_cs": "888000", "nom_css_cs": "Commission scolaire Lester-B.-Pearson (888000)", "municipalite": "Montréal", "ordre_enseignement": "Préscolaire - Primaire", "type_cs": "Anglo", "imse": 10.7233623493976, "rang_decile_imse": 9, "sfr": 15.4737124096386, "rang_decile_sfr": 10, "nombre_eleves": 166}, "geometry": {"type": "Point", "coordinates": [-73.625695, 45.432352]}}, {"type": "Feature", "properties": {"nom": "Lasalle Senior", "rang": 203, "adresse": "1555, rue Rancourt, Montréal, H8N1R7", "source": "MEQ", "annee_scolaire": "2025-2026", "code_organisme": "888094", "nom_organisme": "École primaire Lasalle Senior", "code_css_cs": "888000", "nom_css_cs": "Commission scolaire Lester-B.-Pearson (888000)", "municipalite": "Montréal", "ordre_enseignement": "Primaire", "type_cs": "Anglo", "imse": 10.1475471339564, "rang_decile_imse": 8, "sfr": 14.6385566978193, "rang_decile_sfr": 10, "nombre_eleves": 321}, "geometry": {"type": "Point", "coordinates": [-73.62722, 45.429337]}}]}